"MeanDecreaseGini","genes"
0.835495277164124,"hsa.let.7a.1"
1.27567405401238,"hsa.let.7a.2"
1.92819736558826,"hsa.let.7a.3"
1.03300267777026,"hsa.let.7b"
0.723820751192649,"hsa.let.7c"
0.342753784177173,"hsa.let.7d"
0.37394213110541,"hsa.let.7e"
1.13735323800993,"hsa.let.7f.1"
0.473797083017689,"hsa.let.7f.2"
0.54226889002226,"hsa.let.7g"
0.130003095975232,"hsa.let.7i"
0.266148444961018,"hsa.mir.1.1"
0.698600214089969,"hsa.mir.1.2"
1.09378067516742,"hsa.mir.100"
1.14806306612434,"hsa.mir.101.1"
1.73057478119057,"hsa.mir.101.2"
2.12847781891784,"hsa.mir.103a.1"
3.19285694543345,"hsa.mir.103a.2"
0,"hsa.mir.103b.1"
0,"hsa.mir.103b.2"
0.0633333333333333,"hsa.mir.105.1"
0.137219809896061,"hsa.mir.105.2"
0.175645793999019,"hsa.mir.106a"
0.24353723155929,"hsa.mir.106b"
0.91629945840149,"hsa.mir.107"
0.290667711274925,"hsa.mir.10a"
0.404185537099548,"hsa.mir.10b"
0,"hsa.mir.1178"
0.0192307692307692,"hsa.mir.1179"
0.702454299915463,"hsa.mir.1180"
0.0195238095238095,"hsa.mir.1181"
0,"hsa.mir.1182"
0,"hsa.mir.1183"
0,"hsa.mir.1184.1"
0,"hsa.mir.1184.2"
0,"hsa.mir.1184.3"
0.375796855733529,"hsa.mir.1185.1"
0.0333333333333333,"hsa.mir.1185.2"
0,"hsa.mir.1193"
0,"hsa.mir.1197"
0.015,"hsa.mir.1199"
0,"hsa.mir.1200"
0,"hsa.mir.1202"
0.182869650714283,"hsa.mir.1203"
0,"hsa.mir.1204"
0,"hsa.mir.1205"
0,"hsa.mir.1206"
0,"hsa.mir.1207"
0,"hsa.mir.1208"
0.100146597376199,"hsa.mir.122"
0.491127034778567,"hsa.mir.1224"
0,"hsa.mir.1225"
0.773803058357302,"hsa.mir.1226"
0,"hsa.mir.1227"
0.290307441180874,"hsa.mir.1228"
0.911278790207222,"hsa.mir.1229"
0.0183492063492064,"hsa.mir.1231"
0,"hsa.mir.1233.1"
0,"hsa.mir.1233.2"
0.037321033069155,"hsa.mir.1234"
0.0350950358261463,"hsa.mir.1236"
0,"hsa.mir.1237"
0.0519469913027081,"hsa.mir.1238"
0.0200892857142857,"hsa.mir.124.1"
0.036,"hsa.mir.124.2"
0.00157817109144531,"hsa.mir.124.3"
0.114918375157181,"hsa.mir.1243"
0,"hsa.mir.1244.1"
0,"hsa.mir.1244.2"
0,"hsa.mir.1244.3"
0,"hsa.mir.1244.4"
0.351988203443628,"hsa.mir.1245a"
0.0639944295832432,"hsa.mir.1245b"
0,"hsa.mir.1246"
0.272457893241853,"hsa.mir.1247"
0.206901123863892,"hsa.mir.1248"
0.343851855161396,"hsa.mir.1249"
0.0835375501599953,"hsa.mir.1250"
0.0616977225672878,"hsa.mir.1251"
0.0708486722819107,"hsa.mir.1252"
0,"hsa.mir.1253"
0.1558560010266,"hsa.mir.1254.1"
0.0582857142857143,"hsa.mir.1254.2"
0.147660755488423,"hsa.mir.1255a"
0,"hsa.mir.1255b.1"
0,"hsa.mir.1255b.2"
0.0357142857142857,"hsa.mir.1256"
0,"hsa.mir.1257"
0.107205461115381,"hsa.mir.1258"
0.302191013004233,"hsa.mir.125a"
0.303558982005452,"hsa.mir.125b.1"
0.478856180706553,"hsa.mir.125b.2"
0.31332171574574,"hsa.mir.126"
0,"hsa.mir.1260a"
0.0221390021171043,"hsa.mir.1260b"
0,"hsa.mir.1261"
0.185301998073883,"hsa.mir.1262"
0,"hsa.mir.1263"
0.110181989895478,"hsa.mir.1264"
0.222153484577944,"hsa.mir.1265"
0.359970181898795,"hsa.mir.1266"
0.102954885446673,"hsa.mir.1267"
0,"hsa.mir.1268a"
0,"hsa.mir.1268b"
0.251443191450041,"hsa.mir.1269a"
0.338521591693872,"hsa.mir.1269b"
0.608460720893715,"hsa.mir.127"
0.406620550515018,"hsa.mir.1270"
0.217748011155359,"hsa.mir.1271"
0,"hsa.mir.1272"
0,"hsa.mir.1273a"
0.0177777777777778,"hsa.mir.1273c"
0,"hsa.mir.1273d"
0,"hsa.mir.1273e"
0,"hsa.mir.1273f"
0,"hsa.mir.1273g"
0,"hsa.mir.1273h"
0.0609138963761604,"hsa.mir.1275"
0.0818181818181818,"hsa.mir.1276"
0.348320604000421,"hsa.mir.1277"
0.0365772932161371,"hsa.mir.1278"
0,"hsa.mir.1279"
0.463550789021193,"hsa.mir.128.1"
0.382141657511372,"hsa.mir.128.2"
0,"hsa.mir.1281"
0,"hsa.mir.1282"
0,"hsa.mir.1283.1"
0.223384846020254,"hsa.mir.1283.2"
0.202307936507936,"hsa.mir.1284"
0.0178062678062678,"hsa.mir.1285.1"
0,"hsa.mir.1285.2"
0,"hsa.mir.1286"
0.25643442555556,"hsa.mir.1287"
0.157728145106864,"hsa.mir.1288"
0,"hsa.mir.1289.1"
0.0171428571428571,"hsa.mir.1289.2"
0.279709414555521,"hsa.mir.129.1"
0.239250682647142,"hsa.mir.129.2"
0,"hsa.mir.1290"
0.0940424982116465,"hsa.mir.1291"
0.23247168149761,"hsa.mir.1292"
0.00147951273532669,"hsa.mir.1293"
0.118247451894511,"hsa.mir.1294"
0.0782539682539682,"hsa.mir.1295a"
0.0133333333333333,"hsa.mir.1295b"
0.293079950328305,"hsa.mir.1296"
0,"hsa.mir.1297"
0.062201269754673,"hsa.mir.1298"
0,"hsa.mir.1299"
1.3695989172205,"hsa.mir.1301"
0,"hsa.mir.1302.1"
0,"hsa.mir.1302.10"
0,"hsa.mir.1302.11"
0,"hsa.mir.1302.2"
0.022089390267341,"hsa.mir.1302.3"
0,"hsa.mir.1302.4"
0,"hsa.mir.1302.5"
0,"hsa.mir.1302.6"
0,"hsa.mir.1302.7"
0,"hsa.mir.1302.8"
0,"hsa.mir.1302.9"
0.036,"hsa.mir.1303"
0.329681032269349,"hsa.mir.1304"
0.216069155841119,"hsa.mir.1305"
2.68482064917104,"hsa.mir.1306"
1.18519691766715,"hsa.mir.1307"
0.232889036606819,"hsa.mir.130a"
0.626812081321815,"hsa.mir.130b"
0.41235455160529,"hsa.mir.132"
0,"hsa.mir.1321"
0,"hsa.mir.1322"
0.00171830985915491,"hsa.mir.1323"
0,"hsa.mir.1324"
0.233943460587309,"hsa.mir.133a.1"
0.246891223598064,"hsa.mir.133a.2"
0.137884615384615,"hsa.mir.133b"
0.249073757416072,"hsa.mir.134"
0.494896336713093,"hsa.mir.1343"
0.181032109445011,"hsa.mir.135a.1"
0.153628160264773,"hsa.mir.135a.2"
0.298129455336062,"hsa.mir.135b"
0.25400648162041,"hsa.mir.136"
0.0722729353026836,"hsa.mir.137"
0.155177865612648,"hsa.mir.138.1"
0.0419133771929825,"hsa.mir.138.2"
1.06012750686389,"hsa.mir.139"
1.76865074196269,"hsa.mir.140"
0.273867941414853,"hsa.mir.141"
0.386286563286973,"hsa.mir.142"
0.744148804386874,"hsa.mir.143"
0.343163833407252,"hsa.mir.144"
0.169229304793343,"hsa.mir.145"
0.370831036451021,"hsa.mir.1468"
0,"hsa.mir.1469"
0.46338353087042,"hsa.mir.146a"
0.597333792699188,"hsa.mir.146b"
0,"hsa.mir.1470"
0,"hsa.mir.1471"
0.01776955602537,"hsa.mir.147a"
0.597258283990467,"hsa.mir.147b"
0.461961394969758,"hsa.mir.148a"
0.434601937498308,"hsa.mir.148b"
0.0780375462718139,"hsa.mir.149"
0.313149847901641,"hsa.mir.150"
0.128791905319497,"hsa.mir.151a"
0.0900187969924812,"hsa.mir.151b"
0.425610306985175,"hsa.mir.152"
0.157391444713479,"hsa.mir.153.1"
0.355697688920985,"hsa.mir.153.2"
0.0619047619047619,"hsa.mir.1537"
0.0328073746998217,"hsa.mir.1538"
0,"hsa.mir.1539"
0.239291982180296,"hsa.mir.154"
0.196987325811907,"hsa.mir.155"
0,"hsa.mir.1587"
1.24722144722927,"hsa.mir.15a"
0.290581596848827,"hsa.mir.15b"
0.523306212667425,"hsa.mir.16.1"
0.444153524836184,"hsa.mir.16.2"
0.171398621680959,"hsa.mir.17"
1.78949399630263,"hsa.mir.181a.1"
1.15357564630729,"hsa.mir.181a.2"
1.22167212614126,"hsa.mir.181b.1"
1.47716893429983,"hsa.mir.181b.2"
0.36200103208317,"hsa.mir.181c"
0.673101276200637,"hsa.mir.181d"
1.18612174201329,"hsa.mir.182"
0,"hsa.mir.1825"
0,"hsa.mir.1827"
0.251025433834574,"hsa.mir.183"
1.51663439198357,"hsa.mir.184"
0.653611469109013,"hsa.mir.185"
0.520177559412598,"hsa.mir.186"
0.486486830088747,"hsa.mir.187"
0.416626831548405,"hsa.mir.188"
0.338331064193389,"hsa.mir.18a"
0.0773062558356676,"hsa.mir.18b"
0.0501070133963751,"hsa.mir.1908"
0.0455211408127333,"hsa.mir.1909"
1.0933581555129,"hsa.mir.190a"
1.57536671307779,"hsa.mir.190b"
0.237524513246778,"hsa.mir.191"
0.0757142857142857,"hsa.mir.1910"
0.157089381431871,"hsa.mir.1911"
0.160527672125681,"hsa.mir.1912"
0.0162021799338873,"hsa.mir.1913"
0.0133333333333333,"hsa.mir.1914"
0.00261022927689595,"hsa.mir.1915"
0.249405266955267,"hsa.mir.192"
0.512416897618139,"hsa.mir.193a"
0.451898200108162,"hsa.mir.193b"
0.580237507223213,"hsa.mir.194.1"
0.414203940266263,"hsa.mir.194.2"
0.681233821249062,"hsa.mir.195"
0.274646754803759,"hsa.mir.196a.1"
0.743787410799526,"hsa.mir.196a.2"
0.868614727018422,"hsa.mir.196b"
1.10795646375359,"hsa.mir.197"
0,"hsa.mir.1972.1"
0,"hsa.mir.1972.2"
0,"hsa.mir.1973"
0.172786434484054,"hsa.mir.1976"
0.098847086904309,"hsa.mir.198"
0.380549607311253,"hsa.mir.199a.1"
0.692739352400511,"hsa.mir.199a.2"
0.377733647015594,"hsa.mir.199b"
0.37298069687481,"hsa.mir.19a"
0.411621594010199,"hsa.mir.19b.1"
0.417039964618387,"hsa.mir.19b.2"
0.354384929426036,"hsa.mir.200a"
0.593247144319678,"hsa.mir.200b"
0.495198796672923,"hsa.mir.200c"
0.541837254869501,"hsa.mir.202"
0.586974441591317,"hsa.mir.203a"
0.311669946228894,"hsa.mir.203b"
0.679739522393367,"hsa.mir.204"
0.579297081589488,"hsa.mir.205"
0,"hsa.mir.2052"
0,"hsa.mir.2053"
0,"hsa.mir.2054"
0.313246816246548,"hsa.mir.206"
0,"hsa.mir.208a"
0.0193683505068276,"hsa.mir.208b"
0.402838610349675,"hsa.mir.20a"
0.335120314326196,"hsa.mir.20b"
0.734203165462579,"hsa.mir.21"
1.44224312319489,"hsa.mir.210"
0.136442232520499,"hsa.mir.211"
0.401197404241334,"hsa.mir.2110"
0,"hsa.mir.2113"
0.394637901757117,"hsa.mir.2114"
0.230544871984823,"hsa.mir.2115"
0.11301945322987,"hsa.mir.2116"
0.0816390993916237,"hsa.mir.2117"
0.180468090301276,"hsa.mir.212"
0.457867464851879,"hsa.mir.214"
0.15323103115434,"hsa.mir.215"
0.357228803711548,"hsa.mir.216a"
0.015,"hsa.mir.216b"
0.417600652773696,"hsa.mir.217"
0.882862747515083,"hsa.mir.218.1"
0.565791474119259,"hsa.mir.218.2"
0.267124172191907,"hsa.mir.219a.1"
0.281701474098244,"hsa.mir.219a.2"
0.160291449527118,"hsa.mir.219b"
0.191340571823933,"hsa.mir.22"
0.166891261440495,"hsa.mir.221"
0.463812892408143,"hsa.mir.222"
0.424209647989166,"hsa.mir.223"
1.06874049892798,"hsa.mir.224"
0.0362549019607843,"hsa.mir.2276"
0.187951336898396,"hsa.mir.2277"
0,"hsa.mir.2278"
0.422776093502843,"hsa.mir.2355"
0,"hsa.mir.2392"
0.944767312667396,"hsa.mir.23a"
0.24719584513001,"hsa.mir.23b"
0.0578347931392117,"hsa.mir.23c"
0.307164918549699,"hsa.mir.24.1"
0.599212920339304,"hsa.mir.24.2"
0.00644688644688642,"hsa.mir.2467"
0.670263427443741,"hsa.mir.25"
0.11751189850913,"hsa.mir.2681"
0.0310303030303031,"hsa.mir.2682"
1.21440732747905,"hsa.mir.26a.1"
1.23104489612193,"hsa.mir.26a.2"
0.857578695282724,"hsa.mir.26b"
0.315888948425234,"hsa.mir.27a"
0.643168626471568,"hsa.mir.27b"
0.506771185960355,"hsa.mir.28"
0,"hsa.mir.2861"
0,"hsa.mir.2909"
0.205482197590651,"hsa.mir.296"
0,"hsa.mir.297"
0,"hsa.mir.298"
0.241072836670695,"hsa.mir.299"
2.87195411302787,"hsa.mir.29a"
0.361661810994968,"hsa.mir.29b.1"
0.384602954362009,"hsa.mir.29b.2"
2.99163792357779,"hsa.mir.29c"
0,"hsa.mir.300"
0.756312298779647,"hsa.mir.301a"
1.76999309797342,"hsa.mir.301b"
0.0380782388814518,"hsa.mir.302a"
0,"hsa.mir.302b"
0,"hsa.mir.302c"
0,"hsa.mir.302d"
0,"hsa.mir.302e"
0,"hsa.mir.302f"
0.0905294592413237,"hsa.mir.3064"
0.682253843351229,"hsa.mir.3065"
0.555598042286341,"hsa.mir.3074"
1.81224011792532,"hsa.mir.30a"
0.267797175803146,"hsa.mir.30b"
0.971936045672585,"hsa.mir.30c.1"
0.630267456684677,"hsa.mir.30c.2"
0.250049663195731,"hsa.mir.30d"
0.499318256986775,"hsa.mir.30e"
0.259967553492678,"hsa.mir.31"
0.0183025210084034,"hsa.mir.3115"
0.0317909140334933,"hsa.mir.3116.1"
0,"hsa.mir.3116.2"
0.0402651819154629,"hsa.mir.3117"
0,"hsa.mir.3118.1"
0,"hsa.mir.3118.2"
0,"hsa.mir.3118.3"
0,"hsa.mir.3118.4"
0,"hsa.mir.3119.1"
0,"hsa.mir.3119.2"
0,"hsa.mir.3120"
0,"hsa.mir.3121"
0,"hsa.mir.3122"
0,"hsa.mir.3123"
0.0772245479647279,"hsa.mir.3124"
0.0182358463252297,"hsa.mir.3125"
0.0655193607144956,"hsa.mir.3126"
0.540222298095809,"hsa.mir.3127"
0.015,"hsa.mir.3128"
0.0207564102564102,"hsa.mir.3129"
0.260637465577036,"hsa.mir.3130.1"
0.196818160475906,"hsa.mir.3130.2"
0,"hsa.mir.3131"
0.0175,"hsa.mir.3132"
0.0335,"hsa.mir.3133"
0,"hsa.mir.3134"
0,"hsa.mir.3135a"
0,"hsa.mir.3135b"
0.303121262321193,"hsa.mir.3136"
0,"hsa.mir.3137"
0.02,"hsa.mir.3138"
0,"hsa.mir.3139"
0.197689935613653,"hsa.mir.3140"
0.0340624197450768,"hsa.mir.3141"
0,"hsa.mir.3142"
0.0768868258178603,"hsa.mir.3143"
0.0541319129939558,"hsa.mir.3144"
0.0171428571428571,"hsa.mir.3145"
0.0873819087876114,"hsa.mir.3146"
0,"hsa.mir.3147"
0.0514438055924124,"hsa.mir.3148"
0.115497249923544,"hsa.mir.3149"
0.102518714003524,"hsa.mir.3150a"
0.265143637195292,"hsa.mir.3150b"
0.0184615384615385,"hsa.mir.3151"
0.0496666666666667,"hsa.mir.3152"
0,"hsa.mir.3153"
0.0637293311973619,"hsa.mir.3154"
0.0375,"hsa.mir.3155a"
0,"hsa.mir.3155b"
0.353261692793112,"hsa.mir.3156.1"
0.127705409062408,"hsa.mir.3156.2"
0.18600390964504,"hsa.mir.3156.3"
0.195773843834989,"hsa.mir.3157"
0.198490571348156,"hsa.mir.3158.1"
0.0308571428571428,"hsa.mir.3158.2"
0,"hsa.mir.3159"
0.0369675047438331,"hsa.mir.3160.1"
0,"hsa.mir.3160.2"
0.0228777874387734,"hsa.mir.3161"
0,"hsa.mir.3162"
0.0177777777777778,"hsa.mir.3163"
0.0665413161801089,"hsa.mir.3164"
0.00152941509913546,"hsa.mir.3165"
0.0653968253968254,"hsa.mir.3166"
0.0481349445357315,"hsa.mir.3167"
0.0194594594594594,"hsa.mir.3168"
0,"hsa.mir.3169"
0.377105618401885,"hsa.mir.3170"
0,"hsa.mir.3171"
0.0288563218390805,"hsa.mir.3173"
0.024,"hsa.mir.3174"
0.0188751814223512,"hsa.mir.3175"
0.050952380952381,"hsa.mir.3176"
0.0520845642223555,"hsa.mir.3177"
0.018,"hsa.mir.3178"
0,"hsa.mir.3179.1"
0,"hsa.mir.3179.2"
0,"hsa.mir.3179.3"
0,"hsa.mir.3179.4"
0,"hsa.mir.3180.1"
0,"hsa.mir.3180.2"
0,"hsa.mir.3180.3"
0.0143458143009491,"hsa.mir.3180.4"
0,"hsa.mir.3180.5"
0,"hsa.mir.3181"
0.0133392188336009,"hsa.mir.3182"
0.0331428571428571,"hsa.mir.3183"
0,"hsa.mir.3184"
0,"hsa.mir.3185"
0.0184352773826458,"hsa.mir.3186"
0.0389974937343358,"hsa.mir.3187"
0.045124183006536,"hsa.mir.3188"
0.0327272727272727,"hsa.mir.3189"
0.0863246461332847,"hsa.mir.3190"
0.244284919843644,"hsa.mir.3191"
0.0468077325738886,"hsa.mir.3192"
0.015,"hsa.mir.3193"
0.0438979824895318,"hsa.mir.3194"
0.104865973237137,"hsa.mir.3195"
0,"hsa.mir.3196"
0,"hsa.mir.3197"
0.0815346792124391,"hsa.mir.3198.1"
0.064,"hsa.mir.3198.2"
0.165636303197509,"hsa.mir.3199.1"
0.071077363550498,"hsa.mir.3199.2"
0.377744400716831,"hsa.mir.32"
0.580872562813603,"hsa.mir.3200"
0,"hsa.mir.3201"
0.0194736842105263,"hsa.mir.3202.1"
0.0814285714285714,"hsa.mir.3202.2"
1.32033258112152,"hsa.mir.320a"
0.13468173043219,"hsa.mir.320b.1"
0.212760604646062,"hsa.mir.320b.2"
0.227218736404133,"hsa.mir.320c.1"
0.2186456907872,"hsa.mir.320c.2"
0.24259128655848,"hsa.mir.320d.1"
0.241706697859131,"hsa.mir.320d.2"
0.0590780604150115,"hsa.mir.320e"
0.119035384237512,"hsa.mir.323a"
0.560703981526041,"hsa.mir.323b"
0.760157967600276,"hsa.mir.324"
0,"hsa.mir.325"
0.416883295898999,"hsa.mir.326"
1.24661730716065,"hsa.mir.328"
0.306229644038716,"hsa.mir.329.1"
0.114567975430748,"hsa.mir.329.2"
0.33225731761693,"hsa.mir.330"
0.280674690225974,"hsa.mir.331"
0.172191708010908,"hsa.mir.335"
0.513055418448276,"hsa.mir.337"
0.414779680415424,"hsa.mir.338"
0.261266499087617,"hsa.mir.339"
0.560757762945452,"hsa.mir.33a"
0.800050680411483,"hsa.mir.33b"
1.03079001093567,"hsa.mir.340"
0.342510234224191,"hsa.mir.342"
0.481158553989464,"hsa.mir.345"
0.0414701572936867,"hsa.mir.346"
0.633450721477693,"hsa.mir.34a"
0.168862963058615,"hsa.mir.34b"
1.42012142328157,"hsa.mir.34c"
0,"hsa.mir.3529"
0.0193663236975337,"hsa.mir.3591"
0.947557192796294,"hsa.mir.3605"
0,"hsa.mir.3606"
1.06184979293904,"hsa.mir.3607"
0.304786540911304,"hsa.mir.3609"
1.72270859854798,"hsa.mir.361"
0.103783095990563,"hsa.mir.3610"
0.0518309663046505,"hsa.mir.3611"
0.0825595238095238,"hsa.mir.3612"
0.396325663747195,"hsa.mir.3613"
0.0919047619047619,"hsa.mir.3614"
0.214669740879766,"hsa.mir.3615"
0,"hsa.mir.3616"
0.121907805843582,"hsa.mir.3617"
0.163023116113738,"hsa.mir.3618"
0,"hsa.mir.3619"
0.501147404985024,"hsa.mir.362"
0.11330612244898,"hsa.mir.3620"
0,"hsa.mir.3621"
0.163635345600365,"hsa.mir.3622a"
0,"hsa.mir.3622b"
0.80500292546988,"hsa.mir.363"
0.0505453879566457,"hsa.mir.3646"
0,"hsa.mir.3648.1"
0,"hsa.mir.3648.2"
0,"hsa.mir.3649"
0.0731596933536096,"hsa.mir.3650"
0.148009846326904,"hsa.mir.3651"
0.180941382464305,"hsa.mir.3652"
0.482111598061777,"hsa.mir.3653"
0.0923119848956137,"hsa.mir.3654"
0.0689047619047619,"hsa.mir.3655"
0.0181818181818182,"hsa.mir.3656"
0,"hsa.mir.3657"
0.0187379300965594,"hsa.mir.3658"
0.016,"hsa.mir.3659"
0.466273020312232,"hsa.mir.365a"
0.202367516460553,"hsa.mir.365b"
0,"hsa.mir.3660"
0,"hsa.mir.3661"
0.407037455402656,"hsa.mir.3662"
0,"hsa.mir.3663"
0.301090708729182,"hsa.mir.3664"
0,"hsa.mir.3665"
0,"hsa.mir.3666"
0.0438095238095238,"hsa.mir.3667"
0,"hsa.mir.3668"
0,"hsa.mir.367"
0,"hsa.mir.3670.1"
0,"hsa.mir.3670.2"
0,"hsa.mir.3670.3"
0,"hsa.mir.3670.4"
0,"hsa.mir.3671"
0,"hsa.mir.3672"
0,"hsa.mir.3674"
0,"hsa.mir.3675"
0.812410091997434,"hsa.mir.3677"
0.27787859885485,"hsa.mir.3678"
0.0860472860472861,"hsa.mir.3679"
0.00471830985915489,"hsa.mir.3680.1"
0.04,"hsa.mir.3680.2"
0.00633879781420759,"hsa.mir.3681"
0.101755695211233,"hsa.mir.3682"
0,"hsa.mir.3683"
0.0433155080213904,"hsa.mir.3684"
0,"hsa.mir.3685"
0,"hsa.mir.3686"
0,"hsa.mir.3687.1"
0,"hsa.mir.3687.2"
0.0841764539715672,"hsa.mir.3688.1"
0.0606300366300366,"hsa.mir.3688.2"
0,"hsa.mir.3689a"
0,"hsa.mir.3689b"
0,"hsa.mir.3689c"
0,"hsa.mir.3689d.1"
0,"hsa.mir.3689d.2"
0,"hsa.mir.3689e"
0,"hsa.mir.3689f"
0.191545822235469,"hsa.mir.369"
0.226563943540331,"hsa.mir.3690.1"
0,"hsa.mir.3690.2"
0.0762215583593739,"hsa.mir.3691"
0.0485531135531136,"hsa.mir.3692"
0.794080859620742,"hsa.mir.370"
0,"hsa.mir.3713"
0,"hsa.mir.3714"
0.0658868783508272,"hsa.mir.371a"
0.102886977756543,"hsa.mir.371b"
0.0743682013220386,"hsa.mir.372"
0.133471508883274,"hsa.mir.373"
0.34676592490175,"hsa.mir.374a"
0.464993928855368,"hsa.mir.374b"
0.0571377424003671,"hsa.mir.374c"
0.589273076568425,"hsa.mir.375"
0.235130992984662,"hsa.mir.376a.1"
0.0930714285714286,"hsa.mir.376a.2"
0.305973032456611,"hsa.mir.376b"
0.187121897010182,"hsa.mir.376c"
0.138756958139334,"hsa.mir.377"
0.230998711198646,"hsa.mir.378a"
0.0198319327731092,"hsa.mir.378b"
0.244915202686101,"hsa.mir.378c"
0.142208953756941,"hsa.mir.378d.1"
0.109039311829815,"hsa.mir.378d.2"
0,"hsa.mir.378e"
0.0195121951219512,"hsa.mir.378f"
0,"hsa.mir.378g"
0.0285714285714286,"hsa.mir.378h"
0.0816104117607156,"hsa.mir.378i"
0,"hsa.mir.378j"
0.106017565868523,"hsa.mir.379"
1.00614212927734,"hsa.mir.380"
0.452281273564929,"hsa.mir.381"
0.289155912370728,"hsa.mir.382"
0.601631709952441,"hsa.mir.383"
0,"hsa.mir.384"
0.0718467114702106,"hsa.mir.3907"
0,"hsa.mir.3908"
0.03,"hsa.mir.3909"
0.121386974016986,"hsa.mir.3910.1"
0,"hsa.mir.3910.2"
0.048770673486786,"hsa.mir.3911"
3.1389580312864,"hsa.mir.3912"
0.77874300583331,"hsa.mir.3913.1"
1.60326024919404,"hsa.mir.3913.2"
0.0221179782519651,"hsa.mir.3914.1"
0,"hsa.mir.3914.2"
0,"hsa.mir.3915"
0.0413033184572292,"hsa.mir.3916"
0.516974027227956,"hsa.mir.3917"
0.0471428571428571,"hsa.mir.3918"
0.319670830842165,"hsa.mir.3919"
0.0633829688731858,"hsa.mir.3920"
0,"hsa.mir.3921"
0.200923682659507,"hsa.mir.3922"
0.0919991741326052,"hsa.mir.3923"
0,"hsa.mir.3924"
0.0891010435047835,"hsa.mir.3925"
0.193610165565429,"hsa.mir.3926.1"
0.126399384318306,"hsa.mir.3926.2"
0.137362126375735,"hsa.mir.3927"
0.526774384276377,"hsa.mir.3928"
0.0880528684731561,"hsa.mir.3929"
0.331553129807455,"hsa.mir.3934"
0,"hsa.mir.3935"
0.0187379300965594,"hsa.mir.3936"
0.0307450980392157,"hsa.mir.3937"
0.0188888888888889,"hsa.mir.3938"
0.0451764705882353,"hsa.mir.3939"
0.260720504163866,"hsa.mir.3940"
0,"hsa.mir.3941"
0.0953333333333334,"hsa.mir.3942"
0.173366977608395,"hsa.mir.3943"
0.101759398496241,"hsa.mir.3944"
0,"hsa.mir.3945"
0.01,"hsa.mir.3960"
0,"hsa.mir.3972"
0,"hsa.mir.3973"
0,"hsa.mir.3974"
0,"hsa.mir.3975"
0,"hsa.mir.3976"
0,"hsa.mir.3977"
0,"hsa.mir.3978"
0.435410111077941,"hsa.mir.409"
1.01142730363568,"hsa.mir.410"
0.551048134083106,"hsa.mir.411"
0.296956226600701,"hsa.mir.412"
0.334077599432847,"hsa.mir.421"
0,"hsa.mir.422a"
0.253920548168567,"hsa.mir.423"
0.324930373225777,"hsa.mir.424"
0.440008897680217,"hsa.mir.425"
0,"hsa.mir.4251"
0,"hsa.mir.4252"
0,"hsa.mir.4253"
0.0367196811546683,"hsa.mir.4254"
0,"hsa.mir.4255"
0,"hsa.mir.4256"
0,"hsa.mir.4257"
0,"hsa.mir.4258"
0,"hsa.mir.4259"
0,"hsa.mir.4260"
0,"hsa.mir.4261"
0,"hsa.mir.4262"
0,"hsa.mir.4263"
0,"hsa.mir.4264"
0,"hsa.mir.4265"
0,"hsa.mir.4266"
0,"hsa.mir.4267"
0,"hsa.mir.4268"
0,"hsa.mir.4269"
0,"hsa.mir.4270"
0,"hsa.mir.4271"
0,"hsa.mir.4272"
0,"hsa.mir.4273"
0,"hsa.mir.4274"
0,"hsa.mir.4275"
0,"hsa.mir.4276"
0,"hsa.mir.4277"
0,"hsa.mir.4278"
0,"hsa.mir.4279"
0,"hsa.mir.4280"
0,"hsa.mir.4281"
0,"hsa.mir.4282"
0,"hsa.mir.4283.1"
0,"hsa.mir.4283.2"
0.0284796527400977,"hsa.mir.4284"
0,"hsa.mir.4285"
0.047483812129503,"hsa.mir.4286"
0,"hsa.mir.4287"
0,"hsa.mir.4288"
0,"hsa.mir.4289"
0.536638564419103,"hsa.mir.429"
0,"hsa.mir.4290"
0,"hsa.mir.4291"
0,"hsa.mir.4292"
0,"hsa.mir.4293"
0,"hsa.mir.4294"
0,"hsa.mir.4295"
0,"hsa.mir.4296"
0,"hsa.mir.4297"
0,"hsa.mir.4298"
0,"hsa.mir.4299"
0,"hsa.mir.4300"
0,"hsa.mir.4301"
0,"hsa.mir.4302"
0,"hsa.mir.4303"
0,"hsa.mir.4304"
0,"hsa.mir.4305"
0.0667607768892954,"hsa.mir.4306"
0,"hsa.mir.4307"
0,"hsa.mir.4308"
0,"hsa.mir.4309"
0.425630743112101,"hsa.mir.431"
0,"hsa.mir.4310"
0,"hsa.mir.4311"
0,"hsa.mir.4312"
0,"hsa.mir.4313"
0,"hsa.mir.4314"
0.119759169505176,"hsa.mir.4315.1"
0,"hsa.mir.4315.2"
0,"hsa.mir.4316"
0,"hsa.mir.4317"
0,"hsa.mir.4318"
0,"hsa.mir.4319"
0.763804100147976,"hsa.mir.432"
0.024,"hsa.mir.4320"
0,"hsa.mir.4321"
0.0497628205128205,"hsa.mir.4322"
0,"hsa.mir.4323"
0,"hsa.mir.4324"
0,"hsa.mir.4325"
0.395557703358298,"hsa.mir.4326"
0,"hsa.mir.4327"
0,"hsa.mir.4328"
0,"hsa.mir.4329"
0.263423189255326,"hsa.mir.433"
0,"hsa.mir.4330"
0,"hsa.mir.4417"
0,"hsa.mir.4418"
0,"hsa.mir.4419a"
0.0744288995562042,"hsa.mir.4419b"
0,"hsa.mir.4420"
0.0473915737917937,"hsa.mir.4421"
0.00622889797630307,"hsa.mir.4422"
0.0688888888888889,"hsa.mir.4423"
0.0645260266691907,"hsa.mir.4424"
0,"hsa.mir.4425"
0,"hsa.mir.4426"
0,"hsa.mir.4427"
0,"hsa.mir.4428"
0,"hsa.mir.4429"
0,"hsa.mir.4430"
0,"hsa.mir.4431"
0.00958333333333336,"hsa.mir.4432"
0.0492665970177134,"hsa.mir.4433a"
0,"hsa.mir.4433b"
0.0837801319598255,"hsa.mir.4434"
0.00281699240036914,"hsa.mir.4435.1"
0.103433352736187,"hsa.mir.4435.2"
0,"hsa.mir.4436a"
0,"hsa.mir.4436b.1"
0,"hsa.mir.4436b.2"
0,"hsa.mir.4437"
0,"hsa.mir.4438"
0,"hsa.mir.4439"
0,"hsa.mir.4440"
0,"hsa.mir.4441"
0.179611947566714,"hsa.mir.4442"
0.31754417410981,"hsa.mir.4443"
0.106666666666667,"hsa.mir.4444.1"
0.115386724386724,"hsa.mir.4444.2"
0,"hsa.mir.4445"
0.0575502645502645,"hsa.mir.4446"
0,"hsa.mir.4447"
0.0147272727272727,"hsa.mir.4448"
0.341765638241714,"hsa.mir.4449"
0,"hsa.mir.4450"
0.256831177289207,"hsa.mir.4451"
0.0659236111569131,"hsa.mir.4452"
0.0470384615384615,"hsa.mir.4453"
0.0717511832319135,"hsa.mir.4454"
0,"hsa.mir.4455"
0,"hsa.mir.4456"
0.0509240659209808,"hsa.mir.4457"
0,"hsa.mir.4458"
0,"hsa.mir.4459"
0,"hsa.mir.4460"
0.00916363636363638,"hsa.mir.4461"
0,"hsa.mir.4462"
0.0173076923076923,"hsa.mir.4463"
0.0897979406950603,"hsa.mir.4464"
0,"hsa.mir.4465"
0.0365730200159612,"hsa.mir.4466"
0,"hsa.mir.4467"
0,"hsa.mir.4468"
0.0133333333333333,"hsa.mir.4469"
0.189338154764839,"hsa.mir.4470"
0,"hsa.mir.4471"
0,"hsa.mir.4472.1"
0,"hsa.mir.4472.2"
0.0408492224475997,"hsa.mir.4473"
0.0918937909063304,"hsa.mir.4474"
0,"hsa.mir.4475"
0,"hsa.mir.4476"
0,"hsa.mir.4477a"
0,"hsa.mir.4477b"
0,"hsa.mir.4478"
0.0268369963369963,"hsa.mir.4479"
0.0189473684210526,"hsa.mir.448"
0,"hsa.mir.4480"
0,"hsa.mir.4481"
0.242877370517721,"hsa.mir.4482"
0,"hsa.mir.4483"
0.149491064396885,"hsa.mir.4484"
0,"hsa.mir.4485"
0,"hsa.mir.4486"
0.0344201680672268,"hsa.mir.4487"
0.0173254901960784,"hsa.mir.4488"
0.015,"hsa.mir.4489"
0,"hsa.mir.4490"
0.058,"hsa.mir.4491"
0.0251017104060583,"hsa.mir.4492"
0,"hsa.mir.4493"
0.0287388575294705,"hsa.mir.4494"
0,"hsa.mir.4495"
0.0369384615384615,"hsa.mir.4496"
0,"hsa.mir.4497"
0,"hsa.mir.4498"
0,"hsa.mir.4499"
0.127999871903961,"hsa.mir.449a"
0.187551628051636,"hsa.mir.449b"
0.21232667815866,"hsa.mir.449c"
0,"hsa.mir.4500"
0.478147899904828,"hsa.mir.4501"
0,"hsa.mir.4502"
0,"hsa.mir.4503"
0.0194444444444444,"hsa.mir.4504"
0.0761881458921576,"hsa.mir.4505"
0,"hsa.mir.4506"
0.0096875,"hsa.mir.4507"
0,"hsa.mir.4508"
0,"hsa.mir.4509.1"
0,"hsa.mir.4509.2"
0,"hsa.mir.4509.3"
0.234404117952649,"hsa.mir.450a.1"
0.419152384306352,"hsa.mir.450a.2"
0.332549002821645,"hsa.mir.450b"
0.0187074590019397,"hsa.mir.4510"
0.0183000604960677,"hsa.mir.4511"
0,"hsa.mir.4512"
0,"hsa.mir.4513"
0,"hsa.mir.4514"
0.0273816604602702,"hsa.mir.4515"
0.0185835913312692,"hsa.mir.4516"
0,"hsa.mir.4517"
0,"hsa.mir.4518"
0.0388588403035,"hsa.mir.4519"
0.323961495082595,"hsa.mir.451a"
0,"hsa.mir.451b"
0.376454079370445,"hsa.mir.452"
0.0325023666388994,"hsa.mir.4520.1"
0.0451598746081505,"hsa.mir.4520.2"
0.225598858101799,"hsa.mir.4521"
0.103372237555824,"hsa.mir.4522"
0.126199421402986,"hsa.mir.4523"
0.142277165186493,"hsa.mir.4524a"
0,"hsa.mir.4524b"
0.100968946430247,"hsa.mir.4525"
0.0671806298276886,"hsa.mir.4526"
0,"hsa.mir.4527"
0,"hsa.mir.4528"
0.118673610049926,"hsa.mir.4529"
0,"hsa.mir.4530"
0,"hsa.mir.4531"
0,"hsa.mir.4532"
0.0463246968192351,"hsa.mir.4533"
0,"hsa.mir.4534"
0,"hsa.mir.4535"
0.0308571428571428,"hsa.mir.4536.1"
0.0673840282524493,"hsa.mir.4536.2"
0,"hsa.mir.4537"
0,"hsa.mir.4538"
0.0158241758241758,"hsa.mir.4539"
0.199047907784795,"hsa.mir.454"
0,"hsa.mir.4540"
0.422720965585319,"hsa.mir.455"
0,"hsa.mir.4632"
0,"hsa.mir.4633"
0,"hsa.mir.4634"
0,"hsa.mir.4635"
0.159686073667148,"hsa.mir.4636"
0,"hsa.mir.4637"
0.410566592143771,"hsa.mir.4638"
0,"hsa.mir.4639"
0.240251429971115,"hsa.mir.4640"
0,"hsa.mir.4641"
0,"hsa.mir.4642"
0,"hsa.mir.4643"
0.0549169110459432,"hsa.mir.4644"
0.122469696969697,"hsa.mir.4645"
0,"hsa.mir.4646"
0.102242590068602,"hsa.mir.4647"
0.0476338823883772,"hsa.mir.4648"
0.0175,"hsa.mir.4649"
0.122708537514617,"hsa.mir.4650.1"
0.0396286039760133,"hsa.mir.4650.2"
0.016,"hsa.mir.4651"
0.134116883116883,"hsa.mir.4652"
0.0426707060877672,"hsa.mir.4653"
0.083407320780835,"hsa.mir.4654"
0,"hsa.mir.4655"
0,"hsa.mir.4656"
0.0409286552701661,"hsa.mir.4657"
0.039,"hsa.mir.4658"
0.0186666666666667,"hsa.mir.4659a"
0.0600460375494545,"hsa.mir.4659b"
0.0798924648909634,"hsa.mir.466"
0.048,"hsa.mir.4660"
0.648007838910924,"hsa.mir.4661"
0.256282503838067,"hsa.mir.4662a"
0,"hsa.mir.4662b"
0,"hsa.mir.4663"
0.225835751679807,"hsa.mir.4664"
0.100262404262404,"hsa.mir.4665"
0.0281422351233672,"hsa.mir.4666a"
0,"hsa.mir.4666b"
0,"hsa.mir.4667"
0.301702130428155,"hsa.mir.4668"
0.0196153846153846,"hsa.mir.4669"
0.015,"hsa.mir.4670"
0.0170526315789474,"hsa.mir.4671"
0,"hsa.mir.4672"
0.0239041904387173,"hsa.mir.4673"
0.0892691244239631,"hsa.mir.4674"
0.216533961659478,"hsa.mir.4675"
0.110476190476191,"hsa.mir.4676"
0.25426629219327,"hsa.mir.4677"
0.0900057942375233,"hsa.mir.4678"
0,"hsa.mir.4679.1"
0,"hsa.mir.4679.2"
0.201742565730827,"hsa.mir.4680"
0,"hsa.mir.4681"
0,"hsa.mir.4682"
0.12712944009003,"hsa.mir.4683"
0.0892562487437332,"hsa.mir.4684"
0.16696056834945,"hsa.mir.4685"
0,"hsa.mir.4686"
0.216961645439906,"hsa.mir.4687"
0,"hsa.mir.4688"
0.0498632886465198,"hsa.mir.4689"
0.0708194455247033,"hsa.mir.4690"
0.0429166666666667,"hsa.mir.4691"
0,"hsa.mir.4692"
0,"hsa.mir.4693"
0.0344082270929483,"hsa.mir.4694"
0,"hsa.mir.4695"
0,"hsa.mir.4696"
0.0528347773217815,"hsa.mir.4697"
0.025183973779038,"hsa.mir.4698"
0.0572222222222223,"hsa.mir.4699"
0.0582619047619048,"hsa.mir.4700"
0.0729591241530937,"hsa.mir.4701"
0.0329802692848603,"hsa.mir.4703"
0.0892919530465502,"hsa.mir.4704"
0.0416666666666667,"hsa.mir.4705"
0,"hsa.mir.4706"
0.0621023246160233,"hsa.mir.4707"
0.0192437520285621,"hsa.mir.4708"
0.15733399158192,"hsa.mir.4709"
0.10576139643955,"hsa.mir.4710"
0.0144117647058824,"hsa.mir.4711"
0.0284444444444444,"hsa.mir.4712"
0,"hsa.mir.4713"
0.0465,"hsa.mir.4714"
0.0990138795286061,"hsa.mir.4715"
0.0173291139240506,"hsa.mir.4716"
0.0334615384615385,"hsa.mir.4717"
0,"hsa.mir.4718"
0,"hsa.mir.4719"
0.078349376114082,"hsa.mir.4720"
0,"hsa.mir.4721"
0,"hsa.mir.4722"
0.106588972431078,"hsa.mir.4723"
0.451150846655369,"hsa.mir.4724"
0.185448415149906,"hsa.mir.4725"
0.119661416361416,"hsa.mir.4726"
0.0133333333333333,"hsa.mir.4727"
0.325108799059711,"hsa.mir.4728"
0,"hsa.mir.4729"
0.044968253968254,"hsa.mir.4730"
0.0379177109440268,"hsa.mir.4731"
0.0504109236732406,"hsa.mir.4732"
0.131827242524917,"hsa.mir.4733"
0.02,"hsa.mir.4734"
0,"hsa.mir.4735"
0.0577777777777778,"hsa.mir.4736"
0.0896758669263262,"hsa.mir.4737"
0.286709652785592,"hsa.mir.4738"
0.049814935064935,"hsa.mir.4739"
0.214436010775546,"hsa.mir.4740"
0.169676300422042,"hsa.mir.4741"
0.131672937392555,"hsa.mir.4742"
0.0174572086991903,"hsa.mir.4743"
0.0686130268199233,"hsa.mir.4744"
0.565346471780227,"hsa.mir.4745"
0.0818856958016682,"hsa.mir.4746"
0.113608140623019,"hsa.mir.4747"
0.050641378622375,"hsa.mir.4748"
0.0668235294117647,"hsa.mir.4749"
0,"hsa.mir.4750"
0.0177777777777778,"hsa.mir.4751"
0.00980392156862749,"hsa.mir.4752"
0.0334659375712007,"hsa.mir.4753"
0.0914726717178905,"hsa.mir.4754"
0.0311111111111111,"hsa.mir.4755"
0.0651428571428571,"hsa.mir.4756"
0.036060606060606,"hsa.mir.4757"
0,"hsa.mir.4758"
0.015,"hsa.mir.4759"
0.185103885553393,"hsa.mir.4760"
0.0187232857640097,"hsa.mir.4761"
0.0683181063122923,"hsa.mir.4762"
0.167489519252677,"hsa.mir.4763"
0,"hsa.mir.4764"
0,"hsa.mir.4765"
0.189639759459438,"hsa.mir.4766"
0,"hsa.mir.4767"
0.178664590743962,"hsa.mir.4768"
0,"hsa.mir.4769"
0.0329484657499364,"hsa.mir.4770"
0.0537714025500911,"hsa.mir.4771.1"
0,"hsa.mir.4771.2"
0.140396453152634,"hsa.mir.4772"
0.129123931623932,"hsa.mir.4773.1"
0.0559432775919733,"hsa.mir.4773.2"
0,"hsa.mir.4774"
0.208253310959193,"hsa.mir.4775"
0,"hsa.mir.4776.1"
0.0568500236018276,"hsa.mir.4776.2"
0.161882314399151,"hsa.mir.4777"
0.019375,"hsa.mir.4778"
0.0187053140096619,"hsa.mir.4779"
0.0194117647058823,"hsa.mir.4780"
0.101164286942441,"hsa.mir.4781"
0.0699593019025792,"hsa.mir.4782"
0,"hsa.mir.4783"
0.107104709057476,"hsa.mir.4784"
0,"hsa.mir.4785"
0,"hsa.mir.4786"
0.0640162710852366,"hsa.mir.4787"
0.0932612654045142,"hsa.mir.4788"
0.122711219939481,"hsa.mir.4789"
0.218174696449909,"hsa.mir.4790"
0.0695985011157425,"hsa.mir.4791"
0.0335699612927117,"hsa.mir.4792"
0.0510663561612328,"hsa.mir.4793"
0.0228015194681862,"hsa.mir.4794"
0.0339987632075227,"hsa.mir.4795"
0.0920025863615525,"hsa.mir.4796"
0,"hsa.mir.4797"
0.125406588585614,"hsa.mir.4798"
0,"hsa.mir.4799"
0.0330890867707546,"hsa.mir.4800"
0,"hsa.mir.4801"
0.0591691924733876,"hsa.mir.4802"
0,"hsa.mir.4803"
0.105838018007549,"hsa.mir.4804"
0.308843833477778,"hsa.mir.483"
0.445975581927946,"hsa.mir.484"
0.275646385851121,"hsa.mir.485"
0.417423207686861,"hsa.mir.486.1"
0.390714492109609,"hsa.mir.486.2"
0.122935931882113,"hsa.mir.487a"
0.177108769806212,"hsa.mir.487b"
0.456852196683668,"hsa.mir.488"
0.1225666999667,"hsa.mir.489"
0.0529274509803922,"hsa.mir.490"
0.385627011684258,"hsa.mir.491"
0.0615559715919495,"hsa.mir.492"
0.450883896031458,"hsa.mir.493"
0.104266303012433,"hsa.mir.494"
0.263730579006404,"hsa.mir.495"
0.151696741854637,"hsa.mir.496"
0.286015246080724,"hsa.mir.497"
0,"hsa.mir.498"
0.156573227909101,"hsa.mir.4999"
0.218134242552604,"hsa.mir.499a"
0.01875,"hsa.mir.499b"
0.0559943744663465,"hsa.mir.5000"
0.0633555570445815,"hsa.mir.5001"
0.0266666666666667,"hsa.mir.5002"
0.045,"hsa.mir.5003"
0.0197297297297297,"hsa.mir.5004"
0.154462247743404,"hsa.mir.5006"
0,"hsa.mir.5007"
0.0423496503496503,"hsa.mir.5008"
0.0576309801309804,"hsa.mir.5009"
0.541969984783332,"hsa.mir.500a"
0.482174882773314,"hsa.mir.500b"
0.313171352309886,"hsa.mir.501"
0.0662838468720822,"hsa.mir.5010"
0,"hsa.mir.5011"
0.270561118891089,"hsa.mir.502"
0.324853221185865,"hsa.mir.503"
0.312222378962495,"hsa.mir.504"
0,"hsa.mir.5047"
1.9476243007816,"hsa.mir.505"
0.0505612693389591,"hsa.mir.506"
0,"hsa.mir.507"
0.152396206546589,"hsa.mir.508"
0.154101612179702,"hsa.mir.5087"
0.0133333333333333,"hsa.mir.5088"
0.217835058184839,"hsa.mir.5089"
0.457935920463429,"hsa.mir.509.1"
0.176788312376548,"hsa.mir.509.2"
0.398717604780143,"hsa.mir.509.3"
0.115792124542125,"hsa.mir.5090"
0.148548018894452,"hsa.mir.5091"
0.0177777777777778,"hsa.mir.5092"
0.00206222222222223,"hsa.mir.5093"
0.134307101650284,"hsa.mir.5094"
0,"hsa.mir.5095"
0,"hsa.mir.5096"
0.0172204455377886,"hsa.mir.510"
0,"hsa.mir.5100"
0.191610496886517,"hsa.mir.511"
0.0196446545676378,"hsa.mir.512.1"
0.0539564624564625,"hsa.mir.512.2"
0.0893517849793822,"hsa.mir.513a.1"
0.122631611710933,"hsa.mir.513a.2"
0,"hsa.mir.513b"
0.11879061110743,"hsa.mir.513c"
0.247757874100669,"hsa.mir.514a.1"
0.309756100396022,"hsa.mir.514a.2"
0.0778269349065836,"hsa.mir.514a.3"
0,"hsa.mir.514b"
0,"hsa.mir.515.1"
0.0395110547958865,"hsa.mir.515.2"
0.148529304029304,"hsa.mir.516a.1"
0.0578817733990148,"hsa.mir.516a.2"
0,"hsa.mir.516b.1"
0.11062673089195,"hsa.mir.516b.2"
0.143200994592608,"hsa.mir.517a"
0,"hsa.mir.517b"
0,"hsa.mir.517c"
0.0182358125974645,"hsa.mir.5186"
0.111600587556625,"hsa.mir.5187"
0,"hsa.mir.5188"
0,"hsa.mir.5189"
0.091027329902937,"hsa.mir.518a.1"
0.0918958818958819,"hsa.mir.518a.2"
0.0970964080964081,"hsa.mir.518b"
0.0214285714285714,"hsa.mir.518c"
0,"hsa.mir.518d"
0.0944381715629121,"hsa.mir.518e"
0.0971845238095239,"hsa.mir.518f"
0.065329248366013,"hsa.mir.5190"
0.0333333333333333,"hsa.mir.5191"
0,"hsa.mir.5192"
0.0323333333333333,"hsa.mir.5193"
0,"hsa.mir.5194"
0.0186680548325523,"hsa.mir.5195"
0.0418513591671487,"hsa.mir.5196"
0,"hsa.mir.5197"
0.0921470473970473,"hsa.mir.519a.1"
0.181383377541998,"hsa.mir.519a.2"
0.0155128205128205,"hsa.mir.519b"
0.016,"hsa.mir.519c"
0.00651819968355312,"hsa.mir.519d"
0,"hsa.mir.519e"
0.100462719341701,"hsa.mir.520a"
0,"hsa.mir.520b"
0.0337544244551702,"hsa.mir.520c"
0.101705831423478,"hsa.mir.520d"
0,"hsa.mir.520e"
0.065219298245614,"hsa.mir.520f"
0.145993016024008,"hsa.mir.520g"
0.0782473844957676,"hsa.mir.520h"
0.045,"hsa.mir.521.1"
0,"hsa.mir.521.2"
0.0644871794871795,"hsa.mir.522"
0,"hsa.mir.523"
0,"hsa.mir.524"
0.0317906746031746,"hsa.mir.525"
0,"hsa.mir.526a.1"
0.0160952380952381,"hsa.mir.526a.2"
0.23563705720568,"hsa.mir.526b"
0.0326666666666667,"hsa.mir.527"
0.420136219708243,"hsa.mir.532"
0.294570562925132,"hsa.mir.539"
0.139307365110261,"hsa.mir.541"
1.71724924382554,"hsa.mir.542"
0.358568246595537,"hsa.mir.543"
0.0216666666666667,"hsa.mir.544a"
0.0398554657438722,"hsa.mir.544b"
0.0607377457404976,"hsa.mir.545"
0,"hsa.mir.548a.1"
0,"hsa.mir.548a.2"
0.0189473684210526,"hsa.mir.548a.3"
0,"hsa.mir.548aa.1"
0,"hsa.mir.548aa.2"
0,"hsa.mir.548ab"
0,"hsa.mir.548ac"
0.0370151346238305,"hsa.mir.548ad"
0,"hsa.mir.548ae.1"
0,"hsa.mir.548ae.2"
0.0854617777641579,"hsa.mir.548ag.1"
0.154453249601276,"hsa.mir.548ag.2"
0,"hsa.mir.548ah"
0.118753444631067,"hsa.mir.548ai"
0,"hsa.mir.548aj.1"
0,"hsa.mir.548aj.2"
0,"hsa.mir.548ak"
0,"hsa.mir.548al"
0,"hsa.mir.548am"
0,"hsa.mir.548an"
0,"hsa.mir.548ao"
0,"hsa.mir.548ap"
0,"hsa.mir.548aq"
0,"hsa.mir.548ar"
0,"hsa.mir.548as"
0.049859649122807,"hsa.mir.548at"
0.110143569460116,"hsa.mir.548au"
0.0188313725490196,"hsa.mir.548av"
0.164554861060015,"hsa.mir.548aw"
0.0185989417989413,"hsa.mir.548ax"
0.0871499903605167,"hsa.mir.548ay"
0.0835596055655876,"hsa.mir.548az"
0.212701716676649,"hsa.mir.548b"
0,"hsa.mir.548ba"
0,"hsa.mir.548bb"
0,"hsa.mir.548c"
0.0189473684210526,"hsa.mir.548d.1"
0.0365714285714286,"hsa.mir.548d.2"
0.150019017260821,"hsa.mir.548e"
0.0433333333333333,"hsa.mir.548f.1"
0,"hsa.mir.548f.2"
0,"hsa.mir.548f.3"
0,"hsa.mir.548f.4"
0,"hsa.mir.548f.5"
0,"hsa.mir.548g"
0.0702370402966852,"hsa.mir.548h.1"
0,"hsa.mir.548h.2"
0,"hsa.mir.548h.3"
0,"hsa.mir.548h.4"
0,"hsa.mir.548h.5"
0,"hsa.mir.548i.1"
0,"hsa.mir.548i.2"
0,"hsa.mir.548i.3"
0,"hsa.mir.548i.4"
0.244862068881866,"hsa.mir.548j"
0.107982953805119,"hsa.mir.548k"
0.0141271409749671,"hsa.mir.548l"
0,"hsa.mir.548m"
0.0533863837312113,"hsa.mir.548n"
0.0892267688664067,"hsa.mir.548o"
0.0715873015873016,"hsa.mir.548o.2"
0.0469680754620197,"hsa.mir.548p"
0.033536231884058,"hsa.mir.548q"
0.136144957983193,"hsa.mir.548s"
0.193063310932931,"hsa.mir.548t"
0,"hsa.mir.548u"
0.229455243682782,"hsa.mir.548v"
0,"hsa.mir.548w"
0.0162415458937198,"hsa.mir.548x"
0,"hsa.mir.548x.2"
0,"hsa.mir.548y"
0,"hsa.mir.548z"
0.168481051847552,"hsa.mir.549a"
0.734151757067797,"hsa.mir.550a.1"
0.49990301852021,"hsa.mir.550a.2"
0.12712045756194,"hsa.mir.550a.3"
0,"hsa.mir.550b.1"
0,"hsa.mir.550b.2"
0.0960512820512821,"hsa.mir.551a"
0.293515875109305,"hsa.mir.551b"
0.0497777777777778,"hsa.mir.552"
0.01,"hsa.mir.553"
0,"hsa.mir.554"
0.0194858548585484,"hsa.mir.555"
0.343135261814774,"hsa.mir.556"
0,"hsa.mir.557"
0,"hsa.mir.5571"
0,"hsa.mir.5572"
0.299973266596443,"hsa.mir.5579"
0,"hsa.mir.558"
0.0275977011494253,"hsa.mir.5580"
0.117253619943275,"hsa.mir.5581"
0.0273724137931034,"hsa.mir.5582"
0,"hsa.mir.5583.1"
0.091368441356185,"hsa.mir.5583.2"
0.0297045840407471,"hsa.mir.5584"
0,"hsa.mir.5585"
0.181564095120182,"hsa.mir.5586"
0,"hsa.mir.5587"
0.0513026113671275,"hsa.mir.5588"
0,"hsa.mir.5589"
0.0163333333333333,"hsa.mir.559"
0,"hsa.mir.5590"
0,"hsa.mir.5591"
0.0506140350877193,"hsa.mir.561"
0,"hsa.mir.562"
0,"hsa.mir.563"
0.16191383287694,"hsa.mir.564"
0,"hsa.mir.566"
0.018472263868066,"hsa.mir.567"
0,"hsa.mir.568"
0.107335578075624,"hsa.mir.5680"
0.0190674603174603,"hsa.mir.5681a"
0.000767582589348876,"hsa.mir.5681b"
0.0091512605042017,"hsa.mir.5682"
0.532341945224228,"hsa.mir.5683"
0.430245105409828,"hsa.mir.5684"
0.323117913350238,"hsa.mir.5685"
0.0627416666666666,"hsa.mir.5687"
0.0178161822466615,"hsa.mir.5688"
0.0379675851153526,"hsa.mir.5689"
0,"hsa.mir.569"
0.0483979885057471,"hsa.mir.5690"
0.507170210476202,"hsa.mir.5691"
0,"hsa.mir.5692a.1"
0,"hsa.mir.5692a.2"
0,"hsa.mir.5692b"
0.00635459718478614,"hsa.mir.5692c.1"
0,"hsa.mir.5692c.2"
0.0723379250121691,"hsa.mir.5693"
0.111670168067227,"hsa.mir.5694"
0.0733019589909824,"hsa.mir.5695"
0.01,"hsa.mir.5696"
0.140513075884012,"hsa.mir.5697"
0.368741635628271,"hsa.mir.5698"
0.10646359433931,"hsa.mir.5699"
0.144806110740394,"hsa.mir.570"
0,"hsa.mir.5700"
0,"hsa.mir.5701.1"
0,"hsa.mir.5701.2"
0,"hsa.mir.5701.3"
0,"hsa.mir.5702"
0.0842411674347158,"hsa.mir.5703"
0,"hsa.mir.5704"
0.0333832923306667,"hsa.mir.5705"
0.158686552755518,"hsa.mir.5706"
0.0332004284292614,"hsa.mir.5707"
0.159768159085497,"hsa.mir.5708"
0,"hsa.mir.571"
0.0465217391304348,"hsa.mir.572"
0.015,"hsa.mir.573"
0,"hsa.mir.5739"
0.458158310875343,"hsa.mir.574"
0,"hsa.mir.575"
0.30057464162067,"hsa.mir.576"
0.294944158424845,"hsa.mir.577"
0.0634080403027771,"hsa.mir.578"
0,"hsa.mir.5787"
0.0413939393939393,"hsa.mir.579"
0,"hsa.mir.580"
0.219297518898711,"hsa.mir.581"
0.188035197543878,"hsa.mir.582"
0,"hsa.mir.583"
0.278467541597764,"hsa.mir.584"
0.220489962490348,"hsa.mir.585"
0,"hsa.mir.586"
0,"hsa.mir.587"
0.130316771427124,"hsa.mir.588"
0.464552003620084,"hsa.mir.589"
0.336858306776462,"hsa.mir.590"
0.0188185378590077,"hsa.mir.591"
0.0711111111111111,"hsa.mir.592"
0,"hsa.mir.593"
0,"hsa.mir.595"
0,"hsa.mir.596"
0.102260770705938,"hsa.mir.597"
0.329114905374685,"hsa.mir.598"
0.019350215002389,"hsa.mir.599"
0.159223877101421,"hsa.mir.600"
0,"hsa.mir.601"
0,"hsa.mir.602"
0.0285714285714286,"hsa.mir.603"
0,"hsa.mir.604"
0.112328431372549,"hsa.mir.605"
0,"hsa.mir.606"
0,"hsa.mir.6068"
0,"hsa.mir.6069"
0.0171428571428571,"hsa.mir.607"
0,"hsa.mir.6070"
0,"hsa.mir.6071"
0,"hsa.mir.6072"
0.0380520014551553,"hsa.mir.6073"
0,"hsa.mir.6074"
0,"hsa.mir.6075"
0,"hsa.mir.6076"
0,"hsa.mir.6077"
0,"hsa.mir.6078"
0,"hsa.mir.6079"
0,"hsa.mir.608"
0.0192307692307692,"hsa.mir.6080"
0,"hsa.mir.6081"
0,"hsa.mir.6082"
0,"hsa.mir.6083"
0.0166666666666667,"hsa.mir.6084"
0,"hsa.mir.6085"
0,"hsa.mir.6086"
0.119247233088228,"hsa.mir.6087"
0,"hsa.mir.6088"
0,"hsa.mir.6089.1"
0,"hsa.mir.6089.2"
0.0330654420206659,"hsa.mir.609"
0,"hsa.mir.6090"
0,"hsa.mir.610"
0,"hsa.mir.611"
0.0025,"hsa.mir.612"
0,"hsa.mir.6124"
0,"hsa.mir.6125"
0,"hsa.mir.6126"
0,"hsa.mir.6127"
0,"hsa.mir.6128"
0,"hsa.mir.6129"
0,"hsa.mir.613"
0,"hsa.mir.6130"
0,"hsa.mir.6131"
0.0266666666666667,"hsa.mir.6132"
0,"hsa.mir.6133"
0,"hsa.mir.6134"
0,"hsa.mir.614"
0.3597841637267,"hsa.mir.615"
0.501496276801791,"hsa.mir.616"
0,"hsa.mir.6165"
0,"hsa.mir.617"
0.250457056703922,"hsa.mir.618"
0,"hsa.mir.619"
0,"hsa.mir.620"
0.0182706766917293,"hsa.mir.621"
0,"hsa.mir.622"
0,"hsa.mir.623"
0.080190946073998,"hsa.mir.624"
0.296175608474429,"hsa.mir.625"
0,"hsa.mir.626"
0.128944297780245,"hsa.mir.627"
0.941145859278415,"hsa.mir.628"
0.639268077966732,"hsa.mir.629"
0,"hsa.mir.630"
0.0513168949261953,"hsa.mir.631"
0.0133333333333333,"hsa.mir.632"
0,"hsa.mir.633"
0,"hsa.mir.634"
0,"hsa.mir.635"
0.484903809938038,"hsa.mir.636"
0.0388226608054622,"hsa.mir.637"
0.0165855425177459,"hsa.mir.638"
0.116508759049974,"hsa.mir.639"
0,"hsa.mir.640"
0.128217719901819,"hsa.mir.641"
0.167022355497737,"hsa.mir.642a"
0.00804761904761907,"hsa.mir.642b"
0.18269664300171,"hsa.mir.643"
0,"hsa.mir.644a"
0,"hsa.mir.645"
0,"hsa.mir.646"
0,"hsa.mir.647"
0,"hsa.mir.648"
0,"hsa.mir.649"
0.284904188421195,"hsa.mir.6499"
0,"hsa.mir.650"
0.018,"hsa.mir.6500"
0.0704322005730805,"hsa.mir.6501"
0.0321588327457893,"hsa.mir.6502"
0.0947764069264072,"hsa.mir.6503"
0.0623271381861985,"hsa.mir.6504"
0.0197014925373135,"hsa.mir.6505"
0.0555514808639623,"hsa.mir.6506"
0.149425266323687,"hsa.mir.6507"
0.150517656575674,"hsa.mir.6508"
0.632944782088487,"hsa.mir.6509"
0.345754473879302,"hsa.mir.651"
0.0219020924364592,"hsa.mir.6510"
0,"hsa.mir.6511a.1"
0,"hsa.mir.6511a.2"
0,"hsa.mir.6511a.3"
0,"hsa.mir.6511a.4"
0.698248262763747,"hsa.mir.6511b.1"
0.684672579101461,"hsa.mir.6511b.2"
0.00922078407900642,"hsa.mir.6512"
0.0868240914786968,"hsa.mir.6513"
0.0836491228070175,"hsa.mir.6514"
0.0701051997130582,"hsa.mir.6515"
0.0474192118811018,"hsa.mir.6516"
0.41726065835316,"hsa.mir.652"
0.259105114333739,"hsa.mir.653"
0.423913782446906,"hsa.mir.654"
0.530104461538096,"hsa.mir.655"
0.122715447877786,"hsa.mir.656"
0,"hsa.mir.657"
0.015,"hsa.mir.658"
0.149720165233296,"hsa.mir.659"
1.37005736909042,"hsa.mir.660"
0,"hsa.mir.661"
0,"hsa.mir.662"
0,"hsa.mir.663a"
0,"hsa.mir.663b"
0.183146710809399,"hsa.mir.664a"
0.126956168836675,"hsa.mir.664b"
0.123433922500943,"hsa.mir.665"
0.0468739342553998,"hsa.mir.668"
0.0191666666666667,"hsa.mir.670"
0.450441610743475,"hsa.mir.671"
0.0335,"hsa.mir.6715a"
0.063,"hsa.mir.6715b"
0.00398268398268399,"hsa.mir.6716"
0.0716666666666667,"hsa.mir.6717"
0.0842971014492755,"hsa.mir.6718"
0.0827625287523222,"hsa.mir.6719"
0.114929851330893,"hsa.mir.6720"
0.0534439066833434,"hsa.mir.6721"
0,"hsa.mir.6722"
0.248801481254819,"hsa.mir.6723"
0,"hsa.mir.6724.1"
0,"hsa.mir.6724.2"
0,"hsa.mir.6724.3"
0,"hsa.mir.6724.4"
0.191868925877455,"hsa.mir.6726"
0.01,"hsa.mir.6727"
0.015,"hsa.mir.6728"
0.0166666666666667,"hsa.mir.6729"
0.0814100392361262,"hsa.mir.6730"
0.035318957771788,"hsa.mir.6731"
0.0371914098972923,"hsa.mir.6732"
0.01,"hsa.mir.6733"
0.0711111111111111,"hsa.mir.6734"
0.0339846153846154,"hsa.mir.6735"
0.033469696969697,"hsa.mir.6736"
0,"hsa.mir.6737"
0.00471830985915489,"hsa.mir.6738"
0.0594300826446282,"hsa.mir.6739"
0.136660220720529,"hsa.mir.6740"
0.052707938613111,"hsa.mir.6741"
0,"hsa.mir.6742"
0,"hsa.mir.6743"
0.102518290121426,"hsa.mir.6744"
0.065845942145641,"hsa.mir.6745"
0.0697159845967986,"hsa.mir.6746"
0.0496363636363636,"hsa.mir.6747"
0.0681262939958591,"hsa.mir.6748"
0.0223333333333333,"hsa.mir.6749"
0.470571764893513,"hsa.mir.675"
0.0486994660564454,"hsa.mir.6750"
0.0463440271440272,"hsa.mir.6751"
0.0393861003861004,"hsa.mir.6752"
0.0116582597730139,"hsa.mir.6753"
0.016,"hsa.mir.6754"
0.160393939393939,"hsa.mir.6755"
0.0517460317460317,"hsa.mir.6756"
0.0822832253141683,"hsa.mir.6757"
0.0803851674641148,"hsa.mir.6758"
0,"hsa.mir.6759"
0.032,"hsa.mir.676"
0,"hsa.mir.6760"
0.0696816563536066,"hsa.mir.6761"
0.0133333333333333,"hsa.mir.6762"
0,"hsa.mir.6763"
0.015,"hsa.mir.6764"
0,"hsa.mir.6765"
0.119651218062983,"hsa.mir.6766"
0,"hsa.mir.6767"
0,"hsa.mir.6768"
0.06806415450531,"hsa.mir.6769a"
0.00633333333333333,"hsa.mir.6769b"
0,"hsa.mir.6770.1"
0,"hsa.mir.6770.2"
0,"hsa.mir.6770.3"
0.0192584724957231,"hsa.mir.6771"
0.0595089515004769,"hsa.mir.6772"
0,"hsa.mir.6773"
0.0906428571428572,"hsa.mir.6774"
0.00856160100062539,"hsa.mir.6775"
0,"hsa.mir.6776"
0.0816846138371847,"hsa.mir.6777"
0.0534046531854751,"hsa.mir.6778"
0.042,"hsa.mir.6779"
0,"hsa.mir.6780a"
0.0266666666666667,"hsa.mir.6780b"
0.129413175505952,"hsa.mir.6781"
0.0841807145066503,"hsa.mir.6782"
0.267203326877918,"hsa.mir.6783"
0.033957033957034,"hsa.mir.6784"
0,"hsa.mir.6785"
0,"hsa.mir.6786"
0,"hsa.mir.6787"
0.0451282051282051,"hsa.mir.6788"
0,"hsa.mir.6789"
0.0197368421052631,"hsa.mir.6790"
0.0172100840336134,"hsa.mir.6791"
0,"hsa.mir.6792"
0.0719556650246305,"hsa.mir.6793"
0.0427151162790697,"hsa.mir.6794"
0.0568820101876172,"hsa.mir.6795"
0,"hsa.mir.6796"
0.178315949573302,"hsa.mir.6797"
0.168553936061876,"hsa.mir.6798"
0.0332309299895507,"hsa.mir.6799"
0,"hsa.mir.6800"
0.0133333333333333,"hsa.mir.6801"
0.0927380952380952,"hsa.mir.6802"
0.0367278089979952,"hsa.mir.6803"
0.0626037735849057,"hsa.mir.6804"
0.0562584741761873,"hsa.mir.6805"
0.226677524302288,"hsa.mir.6806"
0,"hsa.mir.6807"
0.514120524193329,"hsa.mir.6808"
0,"hsa.mir.6809"
0.0612696745614975,"hsa.mir.6810"
0.0182568989477863,"hsa.mir.6811"
0.146389254985065,"hsa.mir.6812"
0.146307893582915,"hsa.mir.6813"
0,"hsa.mir.6814"
0.0585714285714286,"hsa.mir.6815"
0.0133333333333333,"hsa.mir.6816"
0.00322666666666663,"hsa.mir.6817"
0.092661023187339,"hsa.mir.6818"
0.0384915757726932,"hsa.mir.6819"
0.119493506493506,"hsa.mir.6820"
0.0378608465608465,"hsa.mir.6821"
0.03,"hsa.mir.6822"
0,"hsa.mir.6823"
0.0338593859385938,"hsa.mir.6824"
0.0315442099740794,"hsa.mir.6825"
0.0528937728937729,"hsa.mir.6826"
0.0748916733036378,"hsa.mir.6827"
0.128393631585967,"hsa.mir.6828"
0.0515013608127481,"hsa.mir.6829"
0,"hsa.mir.6830"
0,"hsa.mir.6831"
0.0341666666666667,"hsa.mir.6832"
0.0315282392026578,"hsa.mir.6833"
0.062156862745098,"hsa.mir.6834"
0,"hsa.mir.6835"
0.0375884904569115,"hsa.mir.6836"
0.07,"hsa.mir.6837"
0.154501926714608,"hsa.mir.6838"
0.015,"hsa.mir.6839"
0.0331451612903226,"hsa.mir.6840"
0,"hsa.mir.6841"
0.1302719605784,"hsa.mir.6842"
0.132554370968857,"hsa.mir.6843"
0.0931397095811952,"hsa.mir.6844"
0.0355799657228226,"hsa.mir.6845"
0.0353308823529412,"hsa.mir.6846"
0.156535178786626,"hsa.mir.6847"
0,"hsa.mir.6848"
0.0192340992340992,"hsa.mir.6849"
0.0423134159339196,"hsa.mir.6850"
0.0169005847953216,"hsa.mir.6851"
0.0371187739463605,"hsa.mir.6852"
0.0311111111111111,"hsa.mir.6853"
0.224792814396272,"hsa.mir.6854"
0.0585714285714286,"hsa.mir.6855"
0.0100611692096694,"hsa.mir.6856"
0,"hsa.mir.6857"
0.00158008658008669,"hsa.mir.6858"
0,"hsa.mir.6859.1"
0,"hsa.mir.6859.2"
0,"hsa.mir.6859.3"
0,"hsa.mir.6859.4"
0.133742559105029,"hsa.mir.6860"
0.100123877085716,"hsa.mir.6861"
0,"hsa.mir.6862.1"
0.0565805124888317,"hsa.mir.6862.2"
0,"hsa.mir.6863"
0,"hsa.mir.6864"
0,"hsa.mir.6865"
0,"hsa.mir.6866"
0.0184573412698413,"hsa.mir.6867"
0.504050018059214,"hsa.mir.6868"
0,"hsa.mir.6869"
0.032089745380068,"hsa.mir.6870"
0,"hsa.mir.6871"
0.0613468013468014,"hsa.mir.6872"
0,"hsa.mir.6873"
0.150551334611386,"hsa.mir.6874"
0.152765414630472,"hsa.mir.6875"
0.0709516194421641,"hsa.mir.6876"
0.105294117647059,"hsa.mir.6877"
0,"hsa.mir.6878"
0.0178238607270865,"hsa.mir.6879"
0.0630017825311943,"hsa.mir.6880"
0,"hsa.mir.6881"
0.0193939393939394,"hsa.mir.6882"
0,"hsa.mir.6883"
0.0706666666666666,"hsa.mir.6884"
0.0342516806864634,"hsa.mir.6885"
0,"hsa.mir.6886"
0.0941548293257432,"hsa.mir.6887"
0.0229186602870813,"hsa.mir.6888"
0.00953373015873012,"hsa.mir.6889"
0.0466578947368421,"hsa.mir.6890"
0.248410634488362,"hsa.mir.6891"
0.115869047619048,"hsa.mir.6892"
0,"hsa.mir.6893"
0.0426056255902883,"hsa.mir.6894"
0.0316205533596838,"hsa.mir.6895"
0.225879181652739,"hsa.mir.7.1"
0.457247640825676,"hsa.mir.7.2"
0.410129701426163,"hsa.mir.7.3"
0.30733319218368,"hsa.mir.708"
0.0218775847808106,"hsa.mir.7106"
0,"hsa.mir.7107"
0,"hsa.mir.7108"
0.0779834881320949,"hsa.mir.7109"
0,"hsa.mir.711"
0.11445337159254,"hsa.mir.7110"
0,"hsa.mir.7111"
0.0389333333333333,"hsa.mir.7112"
0.0213333333333333,"hsa.mir.7113"
0.0462505753475099,"hsa.mir.7114"
0,"hsa.mir.7150"
0.00958333333333336,"hsa.mir.7151"
0.0293333333333333,"hsa.mir.7152"
0,"hsa.mir.7153"
0,"hsa.mir.7154"
0.191321089815284,"hsa.mir.7155"
0.126774891774892,"hsa.mir.7156"
0,"hsa.mir.7157"
0.047094206103494,"hsa.mir.7158"
0,"hsa.mir.7159"
0,"hsa.mir.7160"
0.10822134603505,"hsa.mir.7161"
0,"hsa.mir.7162"
0.110966287120408,"hsa.mir.718"
0.924279140423287,"hsa.mir.744"
0,"hsa.mir.7515"
0.0999856156169087,"hsa.mir.758"
0,"hsa.mir.759"
0.221387155885288,"hsa.mir.760"
0.015,"hsa.mir.761"
0,"hsa.mir.762"
0,"hsa.mir.764"
0.107643127752318,"hsa.mir.7641.1"
0.150455599242054,"hsa.mir.7641.2"
0.0444397283531409,"hsa.mir.765"
0.642096710945011,"hsa.mir.766"
0.0404761904761905,"hsa.mir.767"
0.217423089086751,"hsa.mir.769"
0.0935121107449189,"hsa.mir.770"
0.125649326476101,"hsa.mir.7702"
0,"hsa.mir.7703"
0.015,"hsa.mir.7704"
0.0942797922847089,"hsa.mir.7705"
0.414515823808658,"hsa.mir.7706"
0.0175,"hsa.mir.7843"
0.0801933754335716,"hsa.mir.7844"
0.0937756671189507,"hsa.mir.7845"
0.0186666666666667,"hsa.mir.7846"
0,"hsa.mir.7847"
0.0166666666666667,"hsa.mir.7848"
0.0266666666666667,"hsa.mir.7849"
0.01,"hsa.mir.7850"
0,"hsa.mir.7851"
0,"hsa.mir.7852"
0,"hsa.mir.7853"
0.130850436074308,"hsa.mir.7854"
0,"hsa.mir.7855"
0.0948800612595619,"hsa.mir.7856"
0.0742061704993296,"hsa.mir.7973.1"
0.0243356643356643,"hsa.mir.7973.2"
0.0556588077219053,"hsa.mir.7974"
0,"hsa.mir.7975"
0,"hsa.mir.7976"
0.00590994682061762,"hsa.mir.7977"
0.0186666666666667,"hsa.mir.7978"
0,"hsa.mir.802"
0,"hsa.mir.8052"
0,"hsa.mir.8053"
0,"hsa.mir.8054"
0,"hsa.mir.8055"
0,"hsa.mir.8056"
0,"hsa.mir.8057"
0,"hsa.mir.8058"
0.015,"hsa.mir.8059"
0,"hsa.mir.8060"
0,"hsa.mir.8061"
0,"hsa.mir.8062"
0,"hsa.mir.8063"
0,"hsa.mir.8064"
0,"hsa.mir.8065"
0,"hsa.mir.8066"
0,"hsa.mir.8067"
0,"hsa.mir.8068"
0,"hsa.mir.8069.1"
0,"hsa.mir.8069.2"
0,"hsa.mir.8070"
0,"hsa.mir.8071.1"
0,"hsa.mir.8071.2"
0.0025925925925926,"hsa.mir.8072"
0,"hsa.mir.8073"
0,"hsa.mir.8074"
0,"hsa.mir.8075"
0.0343773096821877,"hsa.mir.8076"
0,"hsa.mir.8077"
0,"hsa.mir.8078"
0.040679940916598,"hsa.mir.8079"
0,"hsa.mir.8080"
0,"hsa.mir.8081"
0,"hsa.mir.8082"
0,"hsa.mir.8083"
0,"hsa.mir.8084"
0.00883953581432571,"hsa.mir.8085"
0,"hsa.mir.8086"
0,"hsa.mir.8087"
0,"hsa.mir.8088"
0,"hsa.mir.8089"
0,"hsa.mir.8485"
0.0165441176470588,"hsa.mir.873"
0.393067135442827,"hsa.mir.874"
0.0354461538461538,"hsa.mir.875"
0.0311111111111111,"hsa.mir.876"
0.464048302003615,"hsa.mir.877"
0.0720628778054899,"hsa.mir.885"
0.375505648835587,"hsa.mir.887"
0.00980769230769226,"hsa.mir.888"
1.14693269587376,"hsa.mir.889"
0,"hsa.mir.890"
0.119015748294213,"hsa.mir.891a"
0.0217552602436327,"hsa.mir.891b"
0.0483952094955151,"hsa.mir.892a"
0,"hsa.mir.892b"
0,"hsa.mir.892c"
0.275839053326212,"hsa.mir.9.1"
0.37990325908832,"hsa.mir.9.2"
0.281391919735047,"hsa.mir.9.3"
0,"hsa.mir.920"
0,"hsa.mir.921"
0,"hsa.mir.922"
0,"hsa.mir.924"
0.391998687720334,"hsa.mir.92a.1"
0.335937819821486,"hsa.mir.92a.2"
0.496758742410149,"hsa.mir.92b"
0.763229096564126,"hsa.mir.93"
0,"hsa.mir.933"
0.204292073815976,"hsa.mir.934"
0.27429388182448,"hsa.mir.935"
0.0332040142789791,"hsa.mir.936"
0.466817729373906,"hsa.mir.937"
0,"hsa.mir.938"
0.435867083669347,"hsa.mir.939"
0.487854493093746,"hsa.mir.940"
0,"hsa.mir.941.1"
0,"hsa.mir.941.2"
0,"hsa.mir.941.3"
0,"hsa.mir.941.4"
0,"hsa.mir.941.5"
0.237867418573957,"hsa.mir.942"
0,"hsa.mir.943"
0.624263178503308,"hsa.mir.944"
0.177376448645222,"hsa.mir.95"
0,"hsa.mir.9500"
0.608864954610055,"hsa.mir.96"
0.128067781266495,"hsa.mir.98"
1.01707931949415,"hsa.mir.99a"
0.400989365223247,"hsa.mir.99b"
