"total_size","draw","method","accuracy","auc"
30,1,"LOGIS",0.9,0.933333333333333
30,1,"SVM",0.9,0.911111111111111
30,1,"KNN",0.5,0
30,1,"RF",0.866666666666667,0.911111111111111
30,1,"XGB",0.9,0.933333333333333
30,2,"LOGIS",0.9,0.977777777777778
30,2,"SVM",0.9,1
30,2,"KNN",0.333333333333333,0
30,2,"RF",0.933333333333333,1
30,2,"XGB",0.966666666666667,1
30,3,"LOGIS",0.933333333333333,1
30,3,"SVM",0.866666666666667,1
30,3,"KNN",0.6,0
30,3,"RF",0.866666666666667,0.955555555555556
30,3,"XGB",0.9,0.955555555555556
30,4,"LOGIS",0.933333333333333,0.933333333333333
30,4,"SVM",0.933333333333333,0.933333333333333
30,4,"KNN",0.533333333333333,0
30,4,"RF",0.933333333333333,1
30,4,"XGB",0.733333333333333,0.877777777777778
30,5,"LOGIS",0.9,0.888888888888889
30,5,"SVM",0.866666666666667,0.911111111111111
30,5,"KNN",0.566666666666667,0
30,5,"RF",0.833333333333333,0.933333333333333
30,5,"XGB",0.766666666666667,0.844444444444444
30,6,"LOGIS",0.966666666666667,1
30,6,"SVM",0.866666666666667,0.977777777777778
30,6,"KNN",0.6,0
30,6,"RF",0.9,0.944444444444444
30,6,"XGB",0.933333333333333,0.933333333333333
30,7,"LOGIS",0.866666666666667,0.955555555555556
30,7,"SVM",0.9,0.933333333333333
30,7,"KNN",0.6,0
30,7,"RF",0.8,0.9
30,7,"XGB",0.866666666666667,0.977777777777778
30,8,"LOGIS",0.966666666666667,0.955555555555556
30,8,"SVM",0.833333333333333,0.911111111111111
30,8,"KNN",0.533333333333333,0
30,8,"RF",0.866666666666667,0.933333333333333
30,8,"XGB",0.866666666666667,0.944444444444444
30,9,"LOGIS",0.933333333333333,0.911111111111111
30,9,"SVM",0.9,0.977777777777778
30,9,"KNN",0.466666666666667,0
30,9,"RF",0.866666666666667,0.955555555555556
30,9,"XGB",0.866666666666667,0.933333333333333
30,10,"LOGIS",1,1
30,10,"SVM",0.9,0.955555555555556
30,10,"KNN",0.566666666666667,0
30,10,"RF",0.966666666666667,1
30,10,"XGB",0.866666666666667,0.955555555555556
30,11,"LOGIS",0.866666666666667,0.866666666666667
30,11,"SVM",0.866666666666667,0.911111111111111
30,11,"KNN",0.6,0
30,11,"RF",0.766666666666667,0.833333333333333
30,11,"XGB",0.733333333333333,0.8
30,12,"LOGIS",0.933333333333333,0.977777777777778
30,12,"SVM",0.866666666666667,0.933333333333333
30,12,"KNN",0.466666666666667,0
30,12,"RF",0.933333333333333,1
30,12,"XGB",0.933333333333333,0.933333333333333
30,13,"LOGIS",0.9,0.977777777777778
30,13,"SVM",0.866666666666667,0.911111111111111
30,13,"KNN",0.433333333333333,0
30,13,"RF",0.866666666666667,0.911111111111111
30,13,"XGB",0.733333333333333,0.911111111111111
30,14,"LOGIS",0.966666666666667,0.955555555555556
30,14,"SVM",0.966666666666667,0.955555555555556
30,14,"KNN",0.633333333333333,0
30,14,"RF",0.933333333333333,0.933333333333333
30,14,"XGB",0.866666666666667,0.888888888888889
30,15,"LOGIS",0.933333333333333,0.955555555555556
30,15,"SVM",0.866666666666667,0.977777777777778
30,15,"KNN",0.566666666666667,0
30,15,"RF",0.9,0.977777777777778
30,15,"XGB",0.933333333333333,0.977777777777778
30,16,"LOGIS",0.9,0.911111111111111
30,16,"SVM",0.9,0.911111111111111
30,16,"KNN",0.7,0
30,16,"RF",0.866666666666667,0.955555555555556
30,16,"XGB",0.933333333333333,0.966666666666667
30,17,"LOGIS",0.933333333333333,0.933333333333333
30,17,"SVM",0.9,0.977777777777778
30,17,"KNN",0.633333333333333,0
30,17,"RF",0.933333333333333,0.977777777777778
30,17,"XGB",0.9,0.933333333333333
30,18,"LOGIS",0.9,0.933333333333333
30,18,"SVM",0.866666666666667,0.911111111111111
30,18,"KNN",0.666666666666667,0
30,18,"RF",0.8,0.922222222222222
30,18,"XGB",0.8,0.866666666666667
30,19,"LOGIS",0.9,1
30,19,"SVM",0.933333333333333,0.977777777777778
30,19,"KNN",0.5,0
30,19,"RF",0.9,0.955555555555556
30,19,"XGB",0.9,0.955555555555556
30,20,"LOGIS",0.966666666666667,0.977777777777778
30,20,"SVM",1,1
30,20,"KNN",0.666666666666667,0
30,20,"RF",0.966666666666667,1
30,20,"XGB",1,1
50,1,"LOGIS",0.96,0.976
50,1,"SVM",0.9,0.976
50,1,"KNN",0.64,0
50,1,"RF",0.94,0.984
50,1,"XGB",0.92,0.992
50,2,"LOGIS",0.94,0.968
50,2,"SVM",0.96,0.992
50,2,"KNN",0.74,0
50,2,"RF",0.92,0.976
50,2,"XGB",0.92,0.916
50,3,"LOGIS",0.96,0.992
50,3,"SVM",0.92,1
50,3,"KNN",0.62,0
50,3,"RF",0.9,0.944
50,3,"XGB",0.88,0.968
50,4,"LOGIS",0.94,0.936
50,4,"SVM",0.88,0.968
50,4,"KNN",0.68,0
50,4,"RF",0.9,0.948
50,4,"XGB",0.92,0.984
50,5,"LOGIS",0.96,0.992
50,5,"SVM",0.96,1
50,5,"KNN",0.54,0
50,5,"RF",0.94,1
50,5,"XGB",0.94,0.976
50,6,"LOGIS",0.96,0.976
50,6,"SVM",0.98,1
50,6,"KNN",0.7,0
50,6,"RF",0.94,0.984
50,6,"XGB",0.84,0.944
50,7,"LOGIS",0.94,0.984
50,7,"SVM",0.92,0.984
50,7,"KNN",0.76,0
50,7,"RF",0.92,0.976
50,7,"XGB",0.92,1
50,8,"LOGIS",0.92,0.952
50,8,"SVM",0.96,0.992
50,8,"KNN",0.66,0
50,8,"RF",0.92,0.936
50,8,"XGB",0.84,0.928
50,9,"LOGIS",0.94,0.992
50,9,"SVM",0.88,0.952
50,9,"KNN",0.46,0
50,9,"RF",0.9,0.98
50,9,"XGB",0.88,0.936
50,10,"LOGIS",0.98,0.968
50,10,"SVM",0.96,0.968
50,10,"KNN",0.66,0
50,10,"RF",0.9,0.936
50,10,"XGB",0.86,0.96
50,11,"LOGIS",1,1
50,11,"SVM",0.94,1
50,11,"KNN",0.66,0
50,11,"RF",0.98,1
50,11,"XGB",0.92,0.976
50,12,"LOGIS",1,1
50,12,"SVM",0.98,0.992
50,12,"KNN",0.78,0
50,12,"RF",0.98,0.988
50,12,"XGB",0.94,0.992
50,13,"LOGIS",0.96,0.96
50,13,"SVM",0.92,0.984
50,13,"KNN",0.66,0
50,13,"RF",0.94,0.948
50,13,"XGB",0.76,0.872
50,14,"LOGIS",0.9,0.928
50,14,"SVM",0.9,0.944
50,14,"KNN",0.74,0
50,14,"RF",0.9,0.952
50,14,"XGB",0.84,0.928
50,15,"LOGIS",0.94,0.984
50,15,"SVM",0.96,0.976
50,15,"KNN",0.76,0
50,15,"RF",0.9,0.96
50,15,"XGB",0.88,0.968
50,16,"LOGIS",0.94,0.984
50,16,"SVM",0.96,1
50,16,"KNN",0.68,0
50,16,"RF",0.92,0.976
50,16,"XGB",0.9,0.976
50,17,"LOGIS",1,1
50,17,"SVM",0.96,0.984
50,17,"KNN",0.78,0
50,17,"RF",0.92,0.996
50,17,"XGB",0.94,0.98
50,18,"LOGIS",0.96,1
50,18,"SVM",0.92,1
50,18,"KNN",0.6,0
50,18,"RF",0.94,1
50,18,"XGB",0.9,0.968
50,19,"LOGIS",0.96,0.976
50,19,"SVM",0.92,0.992
50,19,"KNN",0.7,0
50,19,"RF",0.96,0.984
50,19,"XGB",0.98,1
50,20,"LOGIS",0.94,0.952
50,20,"SVM",0.94,0.984
50,20,"KNN",0.72,0
50,20,"RF",0.84,0.96
50,20,"XGB",0.92,0.968
70,1,"LOGIS",1,1
70,1,"SVM",0.942857142857143,1
70,1,"KNN",0.814285714285714,0
70,1,"RF",0.971428571428571,0.995918367346939
70,1,"XGB",0.957142857142857,0.983673469387755
70,2,"LOGIS",0.985714285714286,0.987755102040816
70,2,"SVM",0.985714285714286,0.991836734693878
70,2,"KNN",0.8,0
70,2,"RF",0.985714285714286,1
70,2,"XGB",0.914285714285714,0.96734693877551
70,3,"LOGIS",0.957142857142857,0.942857142857143
70,3,"SVM",0.971428571428571,0.987755102040816
70,3,"KNN",0.814285714285714,0
70,3,"RF",0.942857142857143,0.995918367346939
70,3,"XGB",0.942857142857143,0.975510204081633
70,4,"LOGIS",0.957142857142857,0.991836734693878
70,4,"SVM",0.957142857142857,1
70,4,"KNN",0.7,0
70,4,"RF",0.942857142857143,0.995918367346939
70,4,"XGB",0.942857142857143,0.991836734693878
70,5,"LOGIS",0.985714285714286,1
70,5,"SVM",0.957142857142857,0.995918367346939
70,5,"KNN",0.8,0
70,5,"RF",0.957142857142857,0.995918367346939
70,5,"XGB",0.928571428571429,0.985714285714286
70,6,"LOGIS",0.985714285714286,1
70,6,"SVM",0.957142857142857,0.991836734693878
70,6,"KNN",0.857142857142857,0
70,6,"RF",0.971428571428571,1
70,6,"XGB",0.942857142857143,0.991836734693878
70,7,"LOGIS",0.971428571428571,0.987755102040816
70,7,"SVM",0.985714285714286,0.995918367346939
70,7,"KNN",0.742857142857143,0
70,7,"RF",0.971428571428571,1
70,7,"XGB",0.971428571428571,0.987755102040816
70,8,"LOGIS",0.957142857142857,0.971428571428571
70,8,"SVM",0.957142857142857,1
70,8,"KNN",0.7,0
70,8,"RF",0.928571428571429,0.989795918367347
70,8,"XGB",0.928571428571429,0.975510204081633
70,9,"LOGIS",0.971428571428571,0.987755102040816
70,9,"SVM",0.942857142857143,0.991836734693878
70,9,"KNN",0.857142857142857,0
70,9,"RF",0.985714285714286,1
70,9,"XGB",0.971428571428571,0.995918367346939
70,10,"LOGIS",0.957142857142857,0.96734693877551
70,10,"SVM",0.942857142857143,1
70,10,"KNN",0.842857142857143,0
70,10,"RF",0.928571428571429,0.96734693877551
70,10,"XGB",0.928571428571429,0.959183673469388
70,11,"LOGIS",0.957142857142857,0.991836734693878
70,11,"SVM",0.942857142857143,0.995918367346939
70,11,"KNN",0.8,0
70,11,"RF",0.971428571428571,0.977551020408163
70,11,"XGB",0.957142857142857,0.991836734693878
70,12,"LOGIS",0.971428571428571,0.991836734693878
70,12,"SVM",0.928571428571429,0.979591836734694
70,12,"KNN",0.757142857142857,0
70,12,"RF",0.928571428571429,1
70,12,"XGB",0.9,0.963265306122449
70,13,"LOGIS",0.985714285714286,0.995918367346939
70,13,"SVM",0.957142857142857,1
70,13,"KNN",0.728571428571429,0
70,13,"RF",0.985714285714286,1
70,13,"XGB",0.971428571428571,0.995918367346939
70,14,"LOGIS",0.957142857142857,0.995918367346939
70,14,"SVM",0.971428571428571,1
70,14,"KNN",0.8,0
70,14,"RF",0.957142857142857,0.987755102040816
70,14,"XGB",0.971428571428571,0.975510204081633
70,15,"LOGIS",0.957142857142857,0.987755102040816
70,15,"SVM",0.942857142857143,0.979591836734694
70,15,"KNN",0.771428571428571,0
70,15,"RF",0.942857142857143,0.989795918367347
70,15,"XGB",0.971428571428571,0.995918367346939
70,16,"LOGIS",0.957142857142857,0.96734693877551
70,16,"SVM",0.957142857142857,0.991836734693878
70,16,"KNN",0.742857142857143,0
70,16,"RF",0.928571428571429,0.973469387755102
70,16,"XGB",0.914285714285714,0.955102040816327
70,17,"LOGIS",0.942857142857143,0.938775510204082
70,17,"SVM",0.957142857142857,0.987755102040816
70,17,"KNN",0.7,0
70,17,"RF",0.9,0.963265306122449
70,17,"XGB",0.914285714285714,0.951020408163265
70,18,"LOGIS",0.985714285714286,0.991836734693878
70,18,"SVM",0.871428571428571,0.987755102040816
70,18,"KNN",0.8,0
70,18,"RF",0.928571428571429,0.979591836734694
70,18,"XGB",0.957142857142857,0.991836734693878
70,19,"LOGIS",0.985714285714286,1
70,19,"SVM",0.957142857142857,1
70,19,"KNN",0.728571428571429,0
70,19,"RF",0.971428571428571,0.987755102040816
70,19,"XGB",0.942857142857143,0.979591836734694
70,20,"LOGIS",1,1
70,20,"SVM",1,1
70,20,"KNN",0.728571428571429,0
70,20,"RF",0.942857142857143,0.991836734693878
70,20,"XGB",0.928571428571429,0.987755102040816
90,1,"LOGIS",0.988888888888889,1
90,1,"SVM",0.977777777777778,1
90,1,"KNN",0.788888888888889,0
90,1,"RF",0.966666666666667,0.997530864197531
90,1,"XGB",0.955555555555555,0.992592592592593
90,2,"LOGIS",0.966666666666667,0.997530864197531
90,2,"SVM",0.944444444444444,0.980246913580247
90,2,"KNN",0.811111111111111,0
90,2,"RF",0.944444444444444,0.982716049382716
90,2,"XGB",0.955555555555556,0.982716049382716
90,3,"LOGIS",0.955555555555556,0.990123456790123
90,3,"SVM",0.944444444444444,0.990123456790123
90,3,"KNN",0.833333333333333,0
90,3,"RF",0.966666666666667,0.987654320987654
90,3,"XGB",0.944444444444444,0.977777777777778
90,4,"LOGIS",0.977777777777778,0.997530864197531
90,4,"SVM",0.944444444444444,0.997530864197531
90,4,"KNN",0.855555555555556,0
90,4,"RF",0.977777777777778,0.997530864197531
90,4,"XGB",0.933333333333333,0.997530864197531
90,5,"LOGIS",0.977777777777778,0.980246913580247
90,5,"SVM",0.966666666666667,0.997530864197531
90,5,"KNN",0.911111111111111,0
90,5,"RF",0.977777777777778,0.997530864197531
90,5,"XGB",0.955555555555555,0.979012345679012
90,6,"LOGIS",0.955555555555555,0.990123456790123
90,6,"SVM",0.966666666666667,0.997530864197531
90,6,"KNN",0.866666666666667,0
90,6,"RF",0.988888888888889,0.995061728395062
90,6,"XGB",0.955555555555556,0.992592592592593
90,7,"LOGIS",0.977777777777778,0.990123456790123
90,7,"SVM",0.944444444444444,0.997530864197531
90,7,"KNN",0.788888888888889,0
90,7,"RF",0.977777777777778,0.998765432098765
90,7,"XGB",0.944444444444444,1
90,8,"LOGIS",0.966666666666667,0.995061728395062
90,8,"SVM",0.977777777777778,1
90,8,"KNN",0.833333333333333,0
90,8,"RF",0.977777777777778,1
90,8,"XGB",0.933333333333333,0.990123456790123
90,9,"LOGIS",1,1
90,9,"SVM",0.977777777777778,0.995061728395062
90,9,"KNN",0.822222222222222,0
90,9,"RF",0.977777777777778,0.997530864197531
90,9,"XGB",0.977777777777778,0.992592592592593
90,10,"LOGIS",0.955555555555555,0.982716049382716
90,10,"SVM",0.922222222222222,0.997530864197531
90,10,"KNN",0.811111111111111,0
90,10,"RF",0.933333333333333,0.983950617283951
90,10,"XGB",0.955555555555555,0.987654320987654
90,11,"LOGIS",0.966666666666667,0.997530864197531
90,11,"SVM",0.977777777777778,0.995061728395062
90,11,"KNN",0.811111111111111,0
90,11,"RF",0.977777777777778,0.985185185185185
90,11,"XGB",0.933333333333333,0.982716049382716
90,12,"LOGIS",0.955555555555555,0.995061728395062
90,12,"SVM",0.922222222222222,0.990123456790123
90,12,"KNN",0.855555555555556,0
90,12,"RF",0.977777777777778,0.995061728395062
90,12,"XGB",0.977777777777778,1
90,13,"LOGIS",0.977777777777778,0.995061728395062
90,13,"SVM",0.966666666666667,0.997530864197531
90,13,"KNN",0.822222222222222,0
90,13,"RF",0.933333333333333,0.992592592592593
90,13,"XGB",0.955555555555556,0.995061728395062
90,14,"LOGIS",0.988888888888889,1
90,14,"SVM",0.966666666666667,1
90,14,"KNN",0.877777777777778,0
90,14,"RF",1,1
90,14,"XGB",0.988888888888889,0.992592592592593
90,15,"LOGIS",0.977777777777778,0.990123456790123
90,15,"SVM",0.988888888888889,0.995061728395062
90,15,"KNN",0.866666666666667,0
90,15,"RF",0.966666666666667,0.992592592592593
90,15,"XGB",0.966666666666667,0.992592592592593
90,16,"LOGIS",0.966666666666667,0.987654320987654
90,16,"SVM",0.944444444444444,0.995061728395062
90,16,"KNN",0.811111111111111,0
90,16,"RF",0.944444444444444,0.98641975308642
90,16,"XGB",0.944444444444444,0.990123456790123
90,17,"LOGIS",0.988888888888889,1
90,17,"SVM",0.966666666666667,0.995061728395062
90,17,"KNN",0.955555555555556,0
90,17,"RF",0.966666666666667,0.997530864197531
90,17,"XGB",0.977777777777778,1
90,18,"LOGIS",0.944444444444444,0.990123456790123
90,18,"SVM",0.955555555555555,0.990123456790123
90,18,"KNN",0.811111111111111,0
90,18,"RF",0.944444444444444,0.992592592592593
90,18,"XGB",0.911111111111111,0.990123456790123
90,19,"LOGIS",0.988888888888889,1
90,19,"SVM",0.977777777777778,1
90,19,"KNN",0.833333333333333,0
90,19,"RF",0.977777777777778,1
90,19,"XGB",0.988888888888889,1
90,20,"LOGIS",0.955555555555556,0.995061728395062
90,20,"SVM",0.977777777777778,1
90,20,"KNN",0.833333333333333,0
90,20,"RF",0.988888888888889,1
90,20,"XGB",0.977777777777778,0.992592592592593
110,1,"LOGIS",0.981818181818182,0.996694214876033
110,1,"SVM",0.981818181818182,0.998347107438017
110,1,"KNN",0.881818181818182,0
110,1,"RF",0.963636363636364,0.999173553719008
110,1,"XGB",0.954545454545455,0.998347107438017
110,2,"LOGIS",0.981818181818182,0.998347107438017
110,2,"SVM",0.963636363636364,0.993388429752066
110,2,"KNN",0.9,0
110,2,"RF",0.963636363636364,0.997520661157025
110,2,"XGB",0.972727272727273,0.998347107438017
110,3,"LOGIS",0.981818181818182,0.996694214876033
110,3,"SVM",0.963636363636364,1
110,3,"KNN",0.836363636363636,0
110,3,"RF",0.945454545454545,0.993388429752066
110,3,"XGB",0.927272727272727,0.985123966942149
110,4,"LOGIS",0.990909090909091,1
110,4,"SVM",0.972727272727273,0.998347107438017
110,4,"KNN",0.927272727272727,0
110,4,"RF",0.981818181818182,1
110,4,"XGB",0.963636363636364,0.99504132231405
110,5,"LOGIS",0.972727272727273,0.993388429752066
110,5,"SVM",0.981818181818182,0.998347107438017
110,5,"KNN",0.845454545454545,0
110,5,"RF",0.981818181818182,1
110,5,"XGB",0.936363636363636,0.990082644628099
110,6,"LOGIS",0.990909090909091,1
110,6,"SVM",0.963636363636364,0.991735537190083
110,6,"KNN",0.9,0
110,6,"RF",0.990909090909091,1
110,6,"XGB",0.981818181818182,1
110,7,"LOGIS",0.972727272727273,1
110,7,"SVM",0.963636363636364,0.99504132231405
110,7,"KNN",0.881818181818182,0
110,7,"RF",0.972727272727273,0.991735537190083
110,7,"XGB",0.954545454545455,0.994214876033058
110,8,"LOGIS",0.927272727272727,0.981818181818182
110,8,"SVM",0.936363636363636,0.991735537190083
110,8,"KNN",0.827272727272727,0
110,8,"RF",0.9,0.990082644628099
110,8,"XGB",0.927272727272727,0.993388429752066
110,9,"LOGIS",0.972727272727273,1
110,9,"SVM",0.981818181818182,1
110,9,"KNN",0.890909090909091,0
110,9,"RF",0.990909090909091,1
110,9,"XGB",0.954545454545455,0.991735537190083
110,10,"LOGIS",0.963636363636364,0.973553719008264
110,10,"SVM",0.990909090909091,0.996694214876033
110,10,"KNN",0.863636363636364,0
110,10,"RF",0.954545454545455,0.996694214876033
110,10,"XGB",0.936363636363636,0.981818181818182
110,11,"LOGIS",0.972727272727273,0.996694214876033
110,11,"SVM",0.954545454545455,0.99504132231405
110,11,"KNN",0.854545454545455,0
110,11,"RF",0.963636363636364,0.99504132231405
110,11,"XGB",0.972727272727273,0.996694214876033
110,12,"LOGIS",0.981818181818182,0.985123966942149
110,12,"SVM",0.972727272727273,0.996694214876033
110,12,"KNN",0.872727272727273,0
110,12,"RF",0.972727272727273,0.995867768595041
110,12,"XGB",0.936363636363636,0.991735537190083
110,13,"LOGIS",1,1
110,13,"SVM",0.981818181818182,1
110,13,"KNN",0.9,0
110,13,"RF",1,1
110,13,"XGB",0.945454545454545,0.989256198347107
110,14,"LOGIS",0.963636363636364,0.990082644628099
110,14,"SVM",0.963636363636364,0.99504132231405
110,14,"KNN",0.872727272727273,0
110,14,"RF",0.963636363636364,0.99504132231405
110,14,"XGB",0.954545454545455,0.994214876033058
110,15,"LOGIS",0.981818181818182,1
110,15,"SVM",0.963636363636364,0.996694214876033
110,15,"KNN",0.836363636363636,0
110,15,"RF",0.972727272727273,0.996694214876033
110,15,"XGB",0.972727272727273,0.996694214876033
110,16,"LOGIS",1,1
110,16,"SVM",0.936363636363636,0.99504132231405
110,16,"KNN",0.881818181818182,0
110,16,"RF",0.954545454545455,1
110,16,"XGB",0.990909090909091,1
110,17,"LOGIS",0.963636363636364,0.985123966942149
110,17,"SVM",0.963636363636364,0.991735537190083
110,17,"KNN",0.863636363636364,0
110,17,"RF",0.972727272727273,0.998347107438017
110,17,"XGB",0.963636363636364,0.99504132231405
110,18,"LOGIS",1,1
110,18,"SVM",0.990909090909091,1
110,18,"KNN",0.918181818181818,0
110,18,"RF",0.990909090909091,1
110,18,"XGB",0.981818181818182,0.996694214876033
110,19,"LOGIS",0.972727272727273,0.998347107438017
110,19,"SVM",0.972727272727273,0.998347107438017
110,19,"KNN",0.881818181818182,0
110,19,"RF",0.981818181818182,1
110,19,"XGB",0.972727272727273,0.998347107438016
110,20,"LOGIS",0.990909090909091,1
110,20,"SVM",0.972727272727273,0.996694214876033
110,20,"KNN",0.854545454545454,0
110,20,"RF",0.990909090909091,1
110,20,"XGB",0.990909090909091,1
130,1,"LOGIS",0.984615384615385,0.995266272189349
130,1,"SVM",0.992307692307692,1
130,1,"KNN",0.9,0
130,1,"RF",1,1
130,1,"XGB",0.984615384615385,1
130,2,"LOGIS",0.976923076923077,0.992899408284024
130,2,"SVM",0.976923076923077,0.996449704142012
130,2,"KNN",0.876923076923077,0
130,2,"RF",0.961538461538462,0.996449704142012
130,2,"XGB",0.984615384615385,1
130,3,"LOGIS",0.984615384615385,1
130,3,"SVM",0.953846153846154,0.996449704142012
130,3,"KNN",0.9,0
130,3,"RF",0.969230769230769,0.997041420118343
130,3,"XGB",0.976923076923077,1
130,4,"LOGIS",0.961538461538462,0.983431952662722
130,4,"SVM",0.930769230769231,0.981065088757396
130,4,"KNN",0.8,0
130,4,"RF",0.946153846153846,0.98698224852071
130,4,"XGB",0.946153846153846,0.989349112426036
130,5,"LOGIS",0.992307692307692,0.995266272189349
130,5,"SVM",0.976923076923077,1
130,5,"KNN",0.915384615384615,0
130,5,"RF",0.976923076923077,0.998816568047337
130,5,"XGB",0.961538461538462,0.992899408284024
130,6,"LOGIS",0.984615384615385,1
130,6,"SVM",0.976923076923077,0.998816568047337
130,6,"KNN",0.938461538461538,0
130,6,"RF",0.976923076923077,0.997633136094675
130,6,"XGB",0.961538461538462,0.997041420118343
130,7,"LOGIS",0.969230769230769,0.996449704142012
130,7,"SVM",0.969230769230769,0.992899408284024
130,7,"KNN",0.838461538461538,0
130,7,"RF",0.930769230769231,0.996449704142012
130,7,"XGB",0.953846153846154,0.995266272189349
130,8,"LOGIS",0.984615384615385,0.995266272189349
130,8,"SVM",0.984615384615385,0.998816568047337
130,8,"KNN",0.915384615384615,0
130,8,"RF",0.984615384615385,0.998816568047337
130,8,"XGB",1,1
130,9,"LOGIS",0.992307692307692,1
130,9,"SVM",0.976923076923077,0.997633136094675
130,9,"KNN",0.946153846153846,0
130,9,"RF",0.976923076923077,0.997633136094675
130,9,"XGB",0.992307692307692,1
130,10,"LOGIS",0.961538461538462,0.985798816568047
130,10,"SVM",0.946153846153846,0.982248520710059
130,10,"KNN",0.830769230769231,0
130,10,"RF",0.915384615384615,0.96508875739645
130,10,"XGB",0.961538461538462,0.985798816568047
130,11,"LOGIS",0.976923076923077,0.997633136094675
130,11,"SVM",0.969230769230769,0.988165680473373
130,11,"KNN",0.892307692307692,0
130,11,"RF",0.969230769230769,0.996449704142012
130,11,"XGB",0.946153846153846,0.991715976331361
130,12,"LOGIS",1,1
130,12,"SVM",0.984615384615385,0.998816568047337
130,12,"KNN",0.892307692307692,0
130,12,"RF",1,1
130,12,"XGB",0.969230769230769,0.996449704142012
130,13,"LOGIS",0.984615384615385,0.98698224852071
130,13,"SVM",0.969230769230769,0.995266272189349
130,13,"KNN",0.853846153846154,0
130,13,"RF",0.946153846153846,0.994674556213018
130,13,"XGB",0.946153846153846,0.990532544378698
130,14,"LOGIS",0.961538461538462,0.982248520710059
130,14,"SVM",0.961538461538462,0.995266272189349
130,14,"KNN",0.892307692307692,0
130,14,"RF",0.976923076923077,0.996449704142012
130,14,"XGB",0.976923076923077,1
130,15,"LOGIS",1,1
130,15,"SVM",0.969230769230769,0.998816568047337
130,15,"KNN",0.915384615384615,0
130,15,"RF",1,1
130,15,"XGB",0.969230769230769,0.997041420118343
130,16,"LOGIS",0.976923076923077,0.998816568047337
130,16,"SVM",0.969230769230769,0.994082840236686
130,16,"KNN",0.761538461538461,0
130,16,"RF",0.984615384615385,0.994082840236686
130,16,"XGB",0.969230769230769,0.998816568047337
130,17,"LOGIS",0.984615384615385,0.989349112426036
130,17,"SVM",0.969230769230769,0.998816568047337
130,17,"KNN",0.876923076923077,0
130,17,"RF",0.984615384615385,0.998224852071006
130,17,"XGB",0.961538461538462,0.996449704142012
130,18,"LOGIS",0.961538461538462,0.996449704142012
130,18,"SVM",0.969230769230769,0.998816568047337
130,18,"KNN",0.884615384615385,0
130,18,"RF",0.976923076923077,0.997041420118343
130,18,"XGB",0.992307692307692,1
130,19,"LOGIS",0.984615384615385,0.998816568047337
130,19,"SVM",0.992307692307692,1
130,19,"KNN",0.9,0
130,19,"RF",1,1
130,19,"XGB",1,1
130,20,"LOGIS",0.992307692307692,0.998816568047337
130,20,"SVM",0.984615384615385,0.998816568047337
130,20,"KNN",0.892307692307692,0
130,20,"RF",0.984615384615385,1
130,20,"XGB",0.969230769230769,0.998816568047337
150,1,"LOGIS",0.986666666666667,0.999111111111111
150,1,"SVM",0.973333333333333,0.998222222222222
150,1,"KNN",0.92,0
150,1,"RF",0.98,0.999111111111111
150,1,"XGB",0.946666666666667,0.998222222222222
150,2,"LOGIS",0.98,1
150,2,"SVM",0.986666666666667,1
150,2,"KNN",0.946666666666667,0
150,2,"RF",0.98,1
150,2,"XGB",0.966666666666667,0.998222222222222
150,3,"LOGIS",0.986666666666667,0.998222222222222
150,3,"SVM",0.973333333333333,0.999111111111111
150,3,"KNN",0.86,0
150,3,"RF",0.973333333333333,0.998666666666667
150,3,"XGB",1,1
150,4,"LOGIS",0.973333333333333,1
150,4,"SVM",0.986666666666667,0.997333333333333
150,4,"KNN",0.94,0
150,4,"RF",0.98,0.995555555555556
150,4,"XGB",0.966666666666667,0.994666666666667
150,5,"LOGIS",0.98,1
150,5,"SVM",0.986666666666667,1
150,5,"KNN",0.926666666666667,0
150,5,"RF",0.986666666666667,0.998222222222222
150,5,"XGB",0.986666666666667,0.999111111111111
150,6,"LOGIS",0.966666666666667,0.999111111111111
150,6,"SVM",0.96,0.997333333333333
150,6,"KNN",0.94,0
150,6,"RF",0.98,0.998222222222222
150,6,"XGB",0.986666666666667,1
150,7,"LOGIS",0.986666666666667,0.991111111111111
150,7,"SVM",0.98,0.996444444444444
150,7,"KNN",0.946666666666667,0
150,7,"RF",0.98,0.996888888888889
150,7,"XGB",0.966666666666667,0.996444444444444
150,8,"LOGIS",0.966666666666667,0.984
150,8,"SVM",0.966666666666667,1
150,8,"KNN",0.953333333333333,0
150,8,"RF",0.986666666666667,1
150,8,"XGB",0.993333333333333,1
150,9,"LOGIS",0.973333333333333,0.992
150,9,"SVM",0.966666666666667,0.998222222222222
150,9,"KNN",0.926666666666667,0
150,9,"RF",0.98,0.995555555555556
150,9,"XGB",0.96,0.997333333333333
150,10,"LOGIS",0.986666666666667,0.997333333333333
150,10,"SVM",0.966666666666667,0.999111111111111
150,10,"KNN",0.926666666666667,0
150,10,"RF",0.98,0.998222222222222
150,10,"XGB",0.953333333333333,0.999111111111111
150,11,"LOGIS",0.966666666666667,0.997333333333333
150,11,"SVM",0.96,0.996444444444444
150,11,"KNN",0.946666666666667,0
150,11,"RF",0.966666666666667,0.997333333333333
150,11,"XGB",0.986666666666667,0.999111111111111
150,12,"LOGIS",0.973333333333333,0.996444444444444
150,12,"SVM",0.966666666666667,1
150,12,"KNN",0.82,0
150,12,"RF",0.966666666666667,0.998222222222222
150,12,"XGB",0.986666666666667,0.998222222222222
150,13,"LOGIS",0.98,0.999111111111111
150,13,"SVM",0.966666666666667,0.998222222222222
150,13,"KNN",0.933333333333333,0
150,13,"RF",0.966666666666667,0.992444444444444
150,13,"XGB",0.973333333333333,0.998222222222222
150,14,"LOGIS",0.946666666666667,0.973333333333333
150,14,"SVM",0.973333333333333,0.997333333333333
150,14,"KNN",0.853333333333333,0
150,14,"RF",0.953333333333333,0.993333333333333
150,14,"XGB",0.96,0.993777777777778
150,15,"LOGIS",0.98,0.987555555555556
150,15,"SVM",0.966666666666667,0.994666666666667
150,15,"KNN",0.913333333333333,0
150,15,"RF",0.98,0.999111111111111
150,15,"XGB",0.973333333333333,0.999111111111111
150,16,"LOGIS",0.986666666666667,0.998222222222222
150,16,"SVM",0.966666666666667,0.998222222222222
150,16,"KNN",0.9,0
150,16,"RF",0.98,0.998222222222222
150,16,"XGB",0.98,0.993777777777778
150,17,"LOGIS",0.986666666666667,0.992888888888889
150,17,"SVM",0.966666666666667,1
150,17,"KNN",0.873333333333333,0
150,17,"RF",0.973333333333333,0.998222222222222
150,17,"XGB",0.98,0.998222222222222
150,18,"LOGIS",0.98,1
150,18,"SVM",0.973333333333333,0.998222222222222
150,18,"KNN",0.913333333333333,0
150,18,"RF",0.96,0.992888888888889
150,18,"XGB",0.98,0.996444444444444
150,19,"LOGIS",0.986666666666667,0.999111111111111
150,19,"SVM",0.98,1
150,19,"KNN",0.926666666666667,0
150,19,"RF",0.993333333333333,1
150,19,"XGB",0.986666666666667,1
150,20,"LOGIS",0.986666666666667,0.999111111111111
150,20,"SVM",0.973333333333333,0.998222222222222
150,20,"KNN",0.88,0
150,20,"RF",1,1
150,20,"XGB",1,1
170,1,"LOGIS",0.994117647058824,1
170,1,"SVM",0.994117647058824,1
170,1,"KNN",0.888235294117647,0
170,1,"RF",0.988235294117647,1
170,1,"XGB",0.976470588235294,1
170,2,"LOGIS",0.964705882352941,0.991695501730104
170,2,"SVM",0.988235294117647,0.996539792387543
170,2,"KNN",0.911764705882353,0
170,2,"RF",0.982352941176471,0.999307958477509
170,2,"XGB",0.958823529411765,0.994463667820069
170,3,"LOGIS",0.970588235294118,0.996539792387543
170,3,"SVM",0.976470588235294,0.998615916955017
170,3,"KNN",0.929411764705882,0
170,3,"RF",0.970588235294118,0.998961937716263
170,3,"XGB",0.976470588235294,1
170,4,"LOGIS",1,1
170,4,"SVM",0.988235294117647,0.997923875432526
170,4,"KNN",0.905882352941176,0
170,4,"RF",0.988235294117647,0.997923875432526
170,4,"XGB",0.982352941176471,1
170,5,"LOGIS",0.994117647058824,0.999307958477509
170,5,"SVM",0.941176470588235,0.995155709342561
170,5,"KNN",0.9,0
170,5,"RF",0.982352941176471,0.998269896193772
170,5,"XGB",0.976470588235294,0.999307958477509
170,6,"LOGIS",0.994117647058824,1
170,6,"SVM",0.976470588235294,0.999307958477509
170,6,"KNN",0.9,0
170,6,"RF",0.994117647058824,1
170,6,"XGB",0.982352941176471,0.999307958477509
170,7,"LOGIS",0.988235294117647,0.998615916955017
170,7,"SVM",0.988235294117647,0.998615916955017
170,7,"KNN",0.911764705882353,0
170,7,"RF",0.988235294117647,0.998269896193772
170,7,"XGB",0.970588235294118,0.999307958477509
170,8,"LOGIS",0.970588235294118,0.997231833910035
170,8,"SVM",0.988235294117647,0.999307958477509
170,8,"KNN",0.923529411764706,0
170,8,"RF",0.994117647058824,0.998961937716263
170,8,"XGB",0.988235294117647,1
170,9,"LOGIS",0.976470588235294,0.991003460207612
170,9,"SVM",0.964705882352941,0.996539792387543
170,9,"KNN",0.905882352941176,0
170,9,"RF",0.958823529411765,0.994463667820069
170,9,"XGB",0.976470588235294,0.995155709342561
170,10,"LOGIS",0.976470588235294,0.986159169550173
170,10,"SVM",0.982352941176471,0.998615916955017
170,10,"KNN",0.911764705882353,0
170,10,"RF",0.988235294117647,0.998961937716263
170,10,"XGB",0.982352941176471,0.997923875432526
170,11,"LOGIS",0.988235294117647,1
170,11,"SVM",0.970588235294118,0.997231833910035
170,11,"KNN",0.876470588235294,0
170,11,"RF",0.988235294117647,0.997923875432526
170,11,"XGB",0.982352941176471,1
170,12,"LOGIS",0.982352941176471,0.999307958477509
170,12,"SVM",0.970588235294118,0.993771626297578
170,12,"KNN",0.923529411764706,0
170,12,"RF",0.994117647058824,0.996539792387543
170,12,"XGB",0.964705882352941,0.998615916955017
170,13,"LOGIS",0.964705882352941,0.983391003460208
170,13,"SVM",0.941176470588235,0.988927335640138
170,13,"KNN",0.864705882352941,0
170,13,"RF",0.952941176470588,0.989965397923875
170,13,"XGB",0.970588235294118,0.997923875432526
170,14,"LOGIS",0.994117647058824,1
170,14,"SVM",0.964705882352941,0.997231833910035
170,14,"KNN",0.882352941176471,0
170,14,"RF",0.982352941176471,0.994463667820069
170,14,"XGB",0.976470588235294,0.995155709342561
170,15,"LOGIS",0.964705882352941,0.997231833910035
170,15,"SVM",0.958823529411765,0.994463667820069
170,15,"KNN",0.9,0
170,15,"RF",0.970588235294118,0.995847750865052
170,15,"XGB",0.982352941176471,0.997231833910035
170,16,"LOGIS",0.976470588235294,0.999307958477509
170,16,"SVM",0.988235294117647,0.998615916955017
170,16,"KNN",0.947058823529412,0
170,16,"RF",0.976470588235294,0.997923875432526
170,16,"XGB",0.958823529411765,0.997231833910035
170,17,"LOGIS",0.947058823529412,0.993771626297578
170,17,"SVM",0.976470588235294,0.995847750865052
170,17,"KNN",0.905882352941176,0
170,17,"RF",0.970588235294118,0.996539792387543
170,17,"XGB",0.970588235294118,0.996193771626298
170,18,"LOGIS",1,1
170,18,"SVM",0.982352941176471,0.999307958477509
170,18,"KNN",0.882352941176471,0
170,18,"RF",0.994117647058824,1
170,18,"XGB",0.982352941176471,0.997231833910035
170,19,"LOGIS",0.988235294117647,0.999307958477509
170,19,"SVM",0.982352941176471,0.998615916955017
170,19,"KNN",0.923529411764706,0
170,19,"RF",0.988235294117647,1
170,19,"XGB",0.947058823529412,1
170,20,"LOGIS",0.994117647058824,1
170,20,"SVM",0.970588235294118,0.998615916955017
170,20,"KNN",0.917647058823529,0
170,20,"RF",0.982352941176471,1
170,20,"XGB",0.970588235294118,0.997923875432526
190,1,"LOGIS",0.978947368421053,0.996675900277008
190,1,"SVM",0.984210526315789,0.999445983379501
190,1,"KNN",0.926315789473684,0
190,1,"RF",0.978947368421053,0.998060941828255
190,1,"XGB",0.973684210526316,0.999445983379501
190,2,"LOGIS",0.978947368421053,0.996675900277008
190,2,"SVM",0.968421052631579,0.997783933518006
190,2,"KNN",0.931578947368421,0
190,2,"RF",0.994736842105263,1
190,2,"XGB",0.973684210526316,0.99612188365651
190,3,"LOGIS",0.978947368421053,0.990027700831025
190,3,"SVM",0.98421052631579,0.995567867036011
190,3,"KNN",0.921052631578947,0
190,3,"RF",0.973684210526316,0.995013850415512
190,3,"XGB",0.963157894736842,0.992243767313019
190,4,"LOGIS",0.984210526315789,0.988365650969529
190,4,"SVM",0.968421052631579,0.999445983379501
190,4,"KNN",0.931578947368421,0
190,4,"RF",0.973684210526316,0.998060941828255
190,4,"XGB",0.968421052631579,0.990581717451524
190,5,"LOGIS",0.984210526315789,0.998891966759003
190,5,"SVM",0.98421052631579,0.998891966759003
190,5,"KNN",0.91578947368421,0
190,5,"RF",0.989473684210526,0.998891966759003
190,5,"XGB",0.973684210526316,0.998891966759003
190,6,"LOGIS",0.978947368421053,0.99612188365651
190,6,"SVM",0.968421052631579,0.993905817174515
190,6,"KNN",0.921052631578947,0
190,6,"RF",0.978947368421053,0.996675900277008
190,6,"XGB",0.968421052631579,0.992797783933518
190,7,"LOGIS",0.994736842105263,1
190,7,"SVM",0.984210526315789,0.999445983379501
190,7,"KNN",0.921052631578947,0
190,7,"RF",1,1
190,7,"XGB",0.984210526315789,0.999445983379501
190,8,"LOGIS",0.989473684210526,1
190,8,"SVM",0.984210526315789,1
190,8,"KNN",0.921052631578947,0
190,8,"RF",0.98421052631579,1
190,8,"XGB",0.973684210526316,0.995013850415512
190,9,"LOGIS",0.989473684210526,0.99612188365651
190,9,"SVM",0.989473684210526,0.997783933518006
190,9,"KNN",0.905263157894737,0
190,9,"RF",0.994736842105263,0.996675900277008
190,9,"XGB",0.978947368421053,0.998337950138504
190,10,"LOGIS",1,1
190,10,"SVM",0.984210526315789,0.998891966759003
190,10,"KNN",0.957894736842105,0
190,10,"RF",0.978947368421053,0.999168975069252
190,10,"XGB",0.989473684210526,1
190,11,"LOGIS",0.989473684210526,0.998337950138504
190,11,"SVM",0.973684210526316,0.99612188365651
190,11,"KNN",0.894736842105263,0
190,11,"RF",0.978947368421053,0.995290858725762
190,11,"XGB",0.952631578947368,0.996675900277008
190,12,"LOGIS",0.978947368421053,0.993351800554017
190,12,"SVM",0.984210526315789,0.998891966759003
190,12,"KNN",0.910526315789474,0
190,12,"RF",0.978947368421053,0.998060941828255
190,12,"XGB",0.963157894736842,0.994459833795014
190,13,"LOGIS",0.978947368421053,0.998337950138504
190,13,"SVM",0.963157894736842,0.995013850415512
190,13,"KNN",0.921052631578947,0
190,13,"RF",0.973684210526316,0.99584487534626
190,13,"XGB",0.973684210526316,0.998337950138504
190,14,"LOGIS",0.989473684210526,0.999445983379501
190,14,"SVM",0.963157894736842,0.997783933518005
190,14,"KNN",0.894736842105263,0
190,14,"RF",0.98421052631579,0.998614958448753
190,14,"XGB",0.968421052631579,0.997783933518006
190,15,"LOGIS",0.978947368421053,0.997229916897507
190,15,"SVM",0.942105263157895,0.994459833795014
190,15,"KNN",0.921052631578947,0
190,15,"RF",0.978947368421053,0.999445983379501
190,15,"XGB",0.968421052631579,0.997783933518006
190,16,"LOGIS",0.984210526315789,1
190,16,"SVM",0.978947368421053,1
190,16,"KNN",0.931578947368421,0
190,16,"RF",0.98421052631579,1
190,16,"XGB",0.978947368421053,0.997229916897507
190,17,"LOGIS",0.989473684210526,0.997783933518006
190,17,"SVM",0.98421052631579,1
190,17,"KNN",0.936842105263158,0
190,17,"RF",0.989473684210526,1
190,17,"XGB",0.963157894736842,0.999445983379501
190,18,"LOGIS",0.978947368421053,0.997229916897507
190,18,"SVM",0.968421052631579,0.998337950138504
190,18,"KNN",0.91578947368421,0
190,18,"RF",0.973684210526316,0.998337950138504
190,18,"XGB",0.98421052631579,1
190,19,"LOGIS",0.98421052631579,0.999445983379501
190,19,"SVM",0.968421052631579,0.997229916897507
190,19,"KNN",0.931578947368421,0
190,19,"RF",0.984210526315789,0.999445983379501
190,19,"XGB",0.968421052631579,0.999445983379501
190,20,"LOGIS",0.994736842105263,1
190,20,"SVM",0.957894736842105,0.995567867036011
190,20,"KNN",0.9,0
190,20,"RF",0.963157894736842,0.993628808864266
190,20,"XGB",0.973684210526316,0.993628808864266
210,1,"LOGIS",0.980952380952381,0.996825396825397
210,1,"SVM",0.985714285714286,0.999546485260771
210,1,"KNN",0.90952380952381,0
210,1,"RF",0.980952380952381,0.999546485260771
210,1,"XGB",0.961904761904762,0.991383219954649
210,2,"LOGIS",0.971428571428571,0.998185941043084
210,2,"SVM",0.995238095238095,0.999092970521542
210,2,"KNN",0.947619047619048,0
210,2,"RF",0.985714285714286,0.999546485260771
210,2,"XGB",0.995238095238095,1
210,3,"LOGIS",0.985714285714286,0.999092970521542
210,3,"SVM",0.995238095238095,0.999546485260771
210,3,"KNN",0.923809523809524,0
210,3,"RF",0.980952380952381,0.998639455782313
210,3,"XGB",0.980952380952381,0.999546485260771
210,4,"LOGIS",0.980952380952381,0.991836734693878
210,4,"SVM",0.990476190476191,0.997278911564626
210,4,"KNN",0.919047619047619,0
210,4,"RF",0.985714285714286,0.999092970521542
210,4,"XGB",0.980952380952381,0.997732426303855
210,5,"LOGIS",0.990476190476191,1
210,5,"SVM",0.976190476190476,1
210,5,"KNN",0.947619047619048,0
210,5,"RF",0.980952380952381,1
210,5,"XGB",0.976190476190476,0.998639455782313
210,6,"LOGIS",0.980952380952381,0.998185941043084
210,6,"SVM",0.980952380952381,1
210,6,"KNN",0.919047619047619,0
210,6,"RF",0.995238095238095,1
210,6,"XGB",0.985714285714286,0.999092970521542
210,7,"LOGIS",0.976190476190476,0.995918367346939
210,7,"SVM",0.976190476190476,0.999546485260771
210,7,"KNN",0.914285714285714,0
210,7,"RF",0.976190476190476,0.998639455782313
210,7,"XGB",0.952380952380952,0.995918367346939
210,8,"LOGIS",0.990476190476191,1
210,8,"SVM",0.971428571428571,0.999092970521542
210,8,"KNN",0.923809523809524,0
210,8,"RF",0.976190476190476,0.997959183673469
210,8,"XGB",0.985714285714286,0.997732426303855
210,9,"LOGIS",0.990476190476191,1
210,9,"SVM",0.990476190476191,1
210,9,"KNN",0.928571428571429,0
210,9,"RF",0.995238095238095,1
210,9,"XGB",0.985714285714286,1
210,10,"LOGIS",1,1
210,10,"SVM",0.980952380952381,0.997278911564626
210,10,"KNN",0.942857142857143,0
210,10,"RF",0.976190476190476,0.995238095238095
210,10,"XGB",0.971428571428571,0.997278911564626
210,11,"LOGIS",0.985714285714286,1
210,11,"SVM",0.985714285714286,1
210,11,"KNN",0.957142857142857,0
210,11,"RF",0.995238095238095,1
210,11,"XGB",0.980952380952381,0.999546485260771
210,12,"LOGIS",0.990476190476191,1
210,12,"SVM",0.971428571428571,0.998639455782313
210,12,"KNN",0.928571428571429,0
210,12,"RF",0.980952380952381,0.997732426303855
210,12,"XGB",0.980952380952381,0.999546485260771
210,13,"LOGIS",0.990476190476191,0.997732426303855
210,13,"SVM",0.985714285714286,0.997732426303855
210,13,"KNN",0.933333333333333,0
210,13,"RF",0.980952380952381,1
210,13,"XGB",0.990476190476191,1
210,14,"LOGIS",0.985714285714286,0.993197278911565
210,14,"SVM",0.971428571428571,0.998185941043084
210,14,"KNN",0.904761904761905,0
210,14,"RF",0.971428571428571,0.996371882086168
210,14,"XGB",0.976190476190476,0.994104308390023
210,15,"LOGIS",0.990476190476191,1
210,15,"SVM",0.976190476190476,0.998639455782313
210,15,"KNN",0.928571428571429,0
210,15,"RF",0.995238095238095,0.999546485260771
210,15,"XGB",0.971428571428571,0.995011337868481
210,16,"LOGIS",0.985714285714286,1
210,16,"SVM",0.985714285714286,1
210,16,"KNN",0.923809523809524,0
210,16,"RF",0.990476190476191,0.999546485260771
210,16,"XGB",0.985714285714286,0.999092970521542
210,17,"LOGIS",0.985714285714286,0.999092970521542
210,17,"SVM",0.990476190476191,0.999092970521542
210,17,"KNN",0.933333333333333,0
210,17,"RF",0.990476190476191,1
210,17,"XGB",0.990476190476191,0.999092970521542
210,18,"LOGIS",0.966666666666667,0.983673469387755
210,18,"SVM",0.961904761904762,0.993197278911565
210,18,"KNN",0.876190476190476,0
210,18,"RF",0.961904761904762,0.990249433106576
210,18,"XGB",0.961904761904762,0.995918367346939
210,19,"LOGIS",0.985714285714286,1
210,19,"SVM",0.976190476190476,0.998639455782313
210,19,"KNN",0.90952380952381,0
210,19,"RF",0.990476190476191,0.999546485260771
210,19,"XGB",0.990476190476191,0.998639455782313
210,20,"LOGIS",0.990476190476191,1
210,20,"SVM",0.971428571428571,0.995011337868481
210,20,"KNN",0.919047619047619,0
210,20,"RF",0.971428571428571,0.998185941043084
210,20,"XGB",0.980952380952381,0.999092970521542
230,1,"LOGIS",0.991304347826087,0.998109640831758
230,1,"SVM",0.965217391304348,0.997353497164461
230,1,"KNN",0.926086956521739,0
230,1,"RF",0.969565217391304,0.997164461247637
230,1,"XGB",0.973913043478261,0.996597353497164
230,2,"LOGIS",0.98695652173913,0.995085066162571
230,2,"SVM",0.98695652173913,0.999621928166352
230,2,"KNN",0.908695652173913,0
230,2,"RF",0.978260869565217,0.998109640831758
230,2,"XGB",0.982608695652174,0.99773156899811
230,3,"LOGIS",0.98695652173913,0.995463137996219
230,3,"SVM",0.969565217391304,0.997353497164461
230,3,"KNN",0.895652173913043,0
230,3,"RF",0.982608695652174,0.998487712665406
230,3,"XGB",0.98695652173913,0.99773156899811
230,4,"LOGIS",0.982608695652174,0.999243856332703
230,4,"SVM",0.982608695652174,0.99773156899811
230,4,"KNN",0.921739130434783,0
230,4,"RF",0.978260869565217,0.996975425330813
230,4,"XGB",0.98695652173913,1
230,5,"LOGIS",0.978260869565217,0.998487712665406
230,5,"SVM",0.995652173913044,0.999243856332703
230,5,"KNN",0.939130434782609,0
230,5,"RF",0.991304347826087,0.999621928166352
230,5,"XGB",0.978260869565217,0.998865784499055
230,6,"LOGIS",0.98695652173913,0.992816635160681
230,6,"SVM",0.982608695652174,0.999621928166352
230,6,"KNN",0.952173913043478,0
230,6,"RF",0.98695652173913,0.999432892249527
230,6,"XGB",0.973913043478261,0.998109640831758
230,7,"LOGIS",0.978260869565217,0.99773156899811
230,7,"SVM",0.969565217391304,0.999621928166352
230,7,"KNN",0.939130434782609,0
230,7,"RF",0.982608695652174,1
230,7,"XGB",0.995652173913044,0.999243856332703
230,8,"LOGIS",0.978260869565217,0.992438563327032
230,8,"SVM",0.973913043478261,0.99773156899811
230,8,"KNN",0.952173913043478,0
230,8,"RF",0.978260869565217,0.996975425330813
230,8,"XGB",0.973913043478261,0.999243856332703
230,9,"LOGIS",0.991304347826087,1
230,9,"SVM",0.995652173913044,1
230,9,"KNN",0.982608695652174,0
230,9,"RF",0.995652173913044,0.999243856332703
230,9,"XGB",0.973913043478261,0.998109640831758
230,10,"LOGIS",0.982608695652174,0.998865784499055
230,10,"SVM",0.995652173913044,1
230,10,"KNN",0.939130434782609,0
230,10,"RF",0.991304347826087,1
230,10,"XGB",0.982608695652174,0.999621928166352
230,11,"LOGIS",0.982608695652174,0.997353497164461
230,11,"SVM",0.969565217391304,0.996219281663516
230,11,"KNN",0.882608695652174,0
230,11,"RF",0.973913043478261,0.998298676748582
230,11,"XGB",0.978260869565217,1
230,12,"LOGIS",0.982608695652174,0.996219281663516
230,12,"SVM",0.969565217391304,0.999621928166352
230,12,"KNN",0.908695652173913,0
230,12,"RF",0.982608695652174,0.998865784499055
230,12,"XGB",0.969565217391304,0.998109640831758
230,13,"LOGIS",0.973913043478261,0.991682419659735
230,13,"SVM",0.978260869565217,0.997353497164461
230,13,"KNN",0.873913043478261,0
230,13,"RF",0.978260869565217,0.997164461247637
230,13,"XGB",0.969565217391304,0.996597353497164
230,14,"LOGIS",0.98695652173913,0.998487712665406
230,14,"SVM",0.991304347826087,0.99773156899811
230,14,"KNN",0.926086956521739,0
230,14,"RF",0.978260869565217,0.997920604914934
230,14,"XGB",0.98695652173913,0.998865784499055
230,15,"LOGIS",0.991304347826087,0.999243856332703
230,15,"SVM",0.995652173913044,0.999243856332703
230,15,"KNN",0.952173913043478,0
230,15,"RF",0.982608695652174,0.996975425330813
230,15,"XGB",0.973913043478261,0.994706994328923
230,16,"LOGIS",0.978260869565217,0.997353497164461
230,16,"SVM",0.98695652173913,0.999621928166352
230,16,"KNN",0.926086956521739,0
230,16,"RF",0.98695652173913,0.999621928166352
230,16,"XGB",0.978260869565217,0.995463137996219
230,17,"LOGIS",0.978260869565217,0.999243856332703
230,17,"SVM",0.982608695652174,0.998865784499055
230,17,"KNN",0.934782608695652,0
230,17,"RF",0.991304347826087,0.999243856332703
230,17,"XGB",0.982608695652174,0.996597353497164
230,18,"LOGIS",0.991304347826087,0.998865784499055
230,18,"SVM",0.978260869565217,0.998487712665406
230,18,"KNN",0.956521739130435,0
230,18,"RF",0.982608695652174,0.999621928166352
230,18,"XGB",0.978260869565217,0.998865784499055
230,19,"LOGIS",0.991304347826087,0.993950850661626
230,19,"SVM",0.982608695652174,0.998109640831758
230,19,"KNN",0.91304347826087,0
230,19,"RF",0.991304347826087,0.999243856332703
230,19,"XGB",0.965217391304348,0.998109640831758
230,20,"LOGIS",0.995652173913044,1
230,20,"SVM",0.973913043478261,0.99773156899811
230,20,"KNN",0.952173913043478,0
230,20,"RF",0.978260869565217,1
230,20,"XGB",0.969565217391304,0.999243856332703
250,1,"LOGIS",0.992,0.99968
250,1,"SVM",0.984,0.99936
250,1,"KNN",0.932,0
250,1,"RF",0.988,0.99968
250,1,"XGB",0.988,0.99936
250,2,"LOGIS",0.988,0.99936
250,2,"SVM",0.988,0.99936
250,2,"KNN",0.924,0
250,2,"RF",0.984,0.9992
250,2,"XGB",0.98,0.99968
250,3,"LOGIS",0.984,0.99936
250,3,"SVM",0.976,0.99808
250,3,"KNN",0.936,0
250,3,"RF",0.988,0.99936
250,3,"XGB",0.984,0.99936
250,4,"LOGIS",0.976,0.99712
250,4,"SVM",0.988,1
250,4,"KNN",0.94,0
250,4,"RF",0.988,1
250,4,"XGB",0.984,0.99936
250,5,"LOGIS",0.984,0.99968
250,5,"SVM",0.984,0.99872
250,5,"KNN",0.928,0
250,5,"RF",0.988,0.99872
250,5,"XGB",0.984,0.99904
250,6,"LOGIS",0.988,1
250,6,"SVM",0.98,1
250,6,"KNN",0.94,0
250,6,"RF",0.984,0.99904
250,6,"XGB",0.988,0.99904
250,7,"LOGIS",0.992,0.99968
250,7,"SVM",0.972,0.99872
250,7,"KNN",0.932,0
250,7,"RF",0.98,0.99936
250,7,"XGB",0.992,0.99904
250,8,"LOGIS",0.988,0.99968
250,8,"SVM",0.988,0.99904
250,8,"KNN",0.912,0
250,8,"RF",0.984,0.99888
250,8,"XGB",0.988,0.99936
250,9,"LOGIS",0.988,0.99968
250,9,"SVM",0.976,0.99936
250,9,"KNN",0.96,0
250,9,"RF",0.984,0.99936
250,9,"XGB",0.98,0.99744
250,10,"LOGIS",0.992,0.99968
250,10,"SVM",0.988,1
250,10,"KNN",0.932,0
250,10,"RF",0.98,0.99936
250,10,"XGB",0.976,0.99856
250,11,"LOGIS",0.968,0.9936
250,11,"SVM",0.988,0.99968
250,11,"KNN",0.936,0
250,11,"RF",0.976,0.99792
250,11,"XGB",0.968,0.99616
250,12,"LOGIS",0.988,0.99936
250,12,"SVM",0.98,0.99904
250,12,"KNN",0.948,0
250,12,"RF",0.976,0.99936
250,12,"XGB",0.98,0.99872
250,13,"LOGIS",0.984,0.99968
250,13,"SVM",0.976,0.99904
250,13,"KNN",0.924,0
250,13,"RF",1,1
250,13,"XGB",0.988,0.99968
250,14,"LOGIS",0.996,1
250,14,"SVM",0.968,0.99744
250,14,"KNN",0.916,0
250,14,"RF",0.968,0.99808
250,14,"XGB",0.988,0.99904
250,15,"LOGIS",0.972,0.99136
250,15,"SVM",0.988,0.99712
250,15,"KNN",0.944,0
250,15,"RF",0.992,0.99632
250,15,"XGB",0.964,0.99872
250,16,"LOGIS",0.996,0.99968
250,16,"SVM",0.976,0.99872
250,16,"KNN",0.94,0
250,16,"RF",0.984,0.99856
250,16,"XGB",0.984,1
250,17,"LOGIS",0.996,1
250,17,"SVM",0.976,0.99904
250,17,"KNN",0.936,0
250,17,"RF",0.984,0.99968
250,17,"XGB",0.988,1
250,18,"LOGIS",0.996,0.99968
250,18,"SVM",0.988,0.99968
250,18,"KNN",0.952,0
250,18,"RF",0.992,1
250,18,"XGB",0.98,0.99808
250,19,"LOGIS",0.992,0.99968
250,19,"SVM",0.988,0.99904
250,19,"KNN",0.932,0
250,19,"RF",0.992,0.99968
250,19,"XGB",0.984,1
250,20,"LOGIS",0.996,0.99872
250,20,"SVM",0.988,0.9984
250,20,"KNN",0.944,0
250,20,"RF",0.98,0.99936
250,20,"XGB",0.976,0.99712
270,1,"LOGIS",1,1
270,1,"SVM",0.992592592592593,0.999725651577503
270,1,"KNN",0.940740740740741,0
270,1,"RF",1,1
270,1,"XGB",0.97037037037037,0.997530864197531
270,2,"LOGIS",0.992592592592593,0.999725651577503
270,2,"SVM",0.966666666666667,0.999725651577503
270,2,"KNN",0.92962962962963,0
270,2,"RF",0.974074074074074,0.998902606310014
270,2,"XGB",0.97037037037037,0.995610425240055
270,3,"LOGIS",0.988888888888889,0.99917695473251
270,3,"SVM",0.988888888888889,1
270,3,"KNN",0.955555555555555,0
270,3,"RF",0.996296296296296,1
270,3,"XGB",0.992592592592593,0.999451303155007
270,4,"LOGIS",0.992592592592593,0.998079561042524
270,4,"SVM",0.985185185185185,0.99917695473251
270,4,"KNN",0.933333333333333,0
270,4,"RF",0.977777777777778,0.997530864197531
270,4,"XGB",0.985185185185185,0.996707818930041
270,5,"LOGIS",0.981481481481482,0.998353909465021
270,5,"SVM",0.977777777777778,0.996707818930041
270,5,"KNN",0.925925925925926,0
270,5,"RF",0.992592592592593,1
270,5,"XGB",0.996296296296296,1
270,6,"LOGIS",0.996296296296296,1
270,6,"SVM",0.988888888888889,0.999725651577503
270,6,"KNN",0.962962962962963,0
270,6,"RF",0.996296296296296,1
270,6,"XGB",0.988888888888889,0.999725651577503
270,7,"LOGIS",0.981481481481482,0.998902606310014
270,7,"SVM",0.988888888888889,1
270,7,"KNN",0.940740740740741,0
270,7,"RF",0.988888888888889,0.999725651577503
270,7,"XGB",0.988888888888889,0.999451303155007
270,8,"LOGIS",0.985185185185185,0.993689986282579
270,8,"SVM",0.977777777777778,0.998902606310014
270,8,"KNN",0.933333333333333,0
270,8,"RF",0.985185185185185,0.99917695473251
270,8,"XGB",0.992592592592593,0.999451303155007
270,9,"LOGIS",0.985185185185185,1
270,9,"SVM",0.981481481481482,0.999725651577503
270,9,"KNN",0.951851851851852,0
270,9,"RF",0.988888888888889,0.998628257887517
270,9,"XGB",0.981481481481482,0.996159122085048
270,10,"LOGIS",0.985185185185185,0.999451303155007
270,10,"SVM",1,1
270,10,"KNN",0.955555555555555,0
270,10,"RF",1,1
270,10,"XGB",0.985185185185185,0.998902606310014
270,11,"LOGIS",0.988888888888889,1
270,11,"SVM",0.992592592592593,1
270,11,"KNN",0.966666666666667,0
270,11,"RF",0.996296296296296,1
270,11,"XGB",0.985185185185185,0.998765432098765
270,12,"LOGIS",0.988888888888889,0.998902606310014
270,12,"SVM",0.988888888888889,1
270,12,"KNN",0.948148148148148,0
270,12,"RF",0.996296296296296,1
270,12,"XGB",0.977777777777778,0.998079561042524
270,13,"LOGIS",0.992592592592593,0.999725651577503
270,13,"SVM",0.977777777777778,0.999451303155007
270,13,"KNN",0.955555555555556,0
270,13,"RF",0.985185185185185,1
270,13,"XGB",0.985185185185185,1
270,14,"LOGIS",0.985185185185185,0.997805212620027
270,14,"SVM",0.981481481481482,0.99917695473251
270,14,"KNN",0.940740740740741,0
270,14,"RF",0.985185185185185,0.999725651577503
270,14,"XGB",0.985185185185185,0.997805212620027
270,15,"LOGIS",0.996296296296296,1
270,15,"SVM",0.974074074074074,0.998353909465021
270,15,"KNN",0.907407407407407,0
270,15,"RF",0.985185185185185,0.999314128943759
270,15,"XGB",0.97037037037037,0.998079561042524
270,16,"LOGIS",0.996296296296296,1
270,16,"SVM",0.981481481481482,0.99917695473251
270,16,"KNN",0.951851851851852,0
270,16,"RF",0.992592592592593,1
270,16,"XGB",0.985185185185185,0.998491083676269
270,17,"LOGIS",0.996296296296296,1
270,17,"SVM",0.992592592592593,0.99917695473251
270,17,"KNN",0.937037037037037,0
270,17,"RF",0.985185185185185,0.998902606310014
270,17,"XGB",0.988888888888889,0.999451303155007
270,18,"LOGIS",0.974074074074074,0.996982167352538
270,18,"SVM",0.974074074074074,0.999451303155007
270,18,"KNN",0.918518518518519,0
270,18,"RF",0.974074074074074,0.998628257887517
270,18,"XGB",0.977777777777778,0.99917695473251
270,19,"LOGIS",0.996296296296296,1
270,19,"SVM",0.981481481481482,0.999725651577503
270,19,"KNN",0.937037037037037,0
270,19,"RF",0.992592592592593,0.999725651577503
270,19,"XGB",0.992592592592593,0.99917695473251
270,20,"LOGIS",0.988888888888889,0.999725651577503
270,20,"SVM",0.985185185185185,1
270,20,"KNN",0.933333333333333,0
270,20,"RF",0.992592592592593,1
270,20,"XGB",0.981481481481482,0.998628257887517
290,1,"LOGIS",0.996551724137931,1
290,1,"SVM",0.982758620689655,1
290,1,"KNN",0.944827586206897,0
290,1,"RF",0.986206896551724,0.998810939357907
290,1,"XGB",0.986206896551724,0.998573127229489
290,2,"LOGIS",0.979310344827586,0.99667063020214
290,2,"SVM",0.989655172413793,0.999048751486326
290,2,"KNN",0.920689655172414,0
290,2,"RF",0.986206896551724,0.999524375743163
290,2,"XGB",0.993103448275862,0.999524375743163
290,3,"LOGIS",0.982758620689655,0.989060642092747
290,3,"SVM",0.989655172413793,0.999762187871581
290,3,"KNN",0.941379310344828,0
290,3,"RF",0.986206896551724,0.999524375743163
290,3,"XGB",0.986206896551724,0.999762187871581
290,4,"LOGIS",0.975862068965517,0.995005945303211
290,4,"SVM",0.989655172413793,1
290,4,"KNN",0.941379310344828,0
290,4,"RF",0.989655172413793,0.999643281807372
290,4,"XGB",0.979310344827586,0.995719381688466
290,5,"LOGIS",0.986206896551724,0.995243757431629
290,5,"SVM",0.968965517241379,0.996908442330559
290,5,"KNN",0.958620689655172,0
290,5,"RF",0.972413793103448,0.997384066587396
290,5,"XGB",0.96551724137931,0.997265160523187
290,6,"LOGIS",0.993103448275862,0.99833531510107
290,6,"SVM",0.972413793103448,0.998810939357907
290,6,"KNN",0.93448275862069,0
290,6,"RF",0.982758620689655,0.999048751486326
290,6,"XGB",0.982758620689655,0.998216409036861
290,7,"LOGIS",0.979310344827586,0.999286563614744
290,7,"SVM",0.986206896551724,0.999048751486326
290,7,"KNN",0.951724137931034,0
290,7,"RF",0.986206896551724,0.999286563614744
290,7,"XGB",0.968965517241379,0.998097502972652
290,8,"LOGIS",0.982758620689655,0.99833531510107
290,8,"SVM",0.982758620689655,1
290,8,"KNN",0.944827586206897,0
290,8,"RF",0.989655172413793,1
290,8,"XGB",0.989655172413793,0.999524375743163
290,9,"LOGIS",0.986206896551724,0.996908442330559
290,9,"SVM",0.986206896551724,0.999524375743163
290,9,"KNN",0.944827586206897,0
290,9,"RF",0.986206896551724,0.999524375743163
290,9,"XGB",0.982758620689655,0.998810939357907
290,10,"LOGIS",0.996551724137931,1
290,10,"SVM",0.982758620689655,0.999286563614744
290,10,"KNN",0.937931034482759,0
290,10,"RF",0.993103448275862,1
290,10,"XGB",0.986206896551724,1
290,11,"LOGIS",0.986206896551724,0.995719381688466
290,11,"SVM",0.986206896551724,0.999286563614744
290,11,"KNN",0.941379310344828,0
290,11,"RF",0.989655172413793,0.999286563614744
290,11,"XGB",0.989655172413793,0.999524375743163
290,12,"LOGIS",0.979310344827586,0.994768133174792
290,12,"SVM",0.96551724137931,0.998097502972652
290,12,"KNN",0.937931034482759,0
290,12,"RF",0.979310344827586,1
290,12,"XGB",0.986206896551724,0.999881093935791
290,13,"LOGIS",0.986206896551724,0.999762187871581
290,13,"SVM",0.979310344827586,0.999286563614744
290,13,"KNN",0.913793103448276,0
290,13,"RF",0.989655172413793,0.999286563614744
290,13,"XGB",0.975862068965517,0.997384066587396
290,14,"LOGIS",0.982758620689655,0.997146254458977
290,14,"SVM",0.979310344827586,0.999762187871581
290,14,"KNN",0.927586206896552,0
290,14,"RF",0.979310344827586,1
290,14,"XGB",0.972413793103448,0.997859690844233
290,15,"LOGIS",0.996551724137931,1
290,15,"SVM",0.972413793103448,0.997384066587396
290,15,"KNN",0.941379310344828,0
290,15,"RF",0.972413793103448,0.998216409036861
290,15,"XGB",0.982758620689655,0.998929845422116
290,16,"LOGIS",0.993103448275862,0.999524375743163
290,16,"SVM",0.993103448275862,0.999524375743163
290,16,"KNN",0.972413793103448,0
290,16,"RF",0.982758620689655,0.999643281807372
290,16,"XGB",0.982758620689655,0.999524375743163
290,17,"LOGIS",0.989655172413793,0.999762187871581
290,17,"SVM",0.989655172413793,0.999762187871581
290,17,"KNN",0.948275862068966,0
290,17,"RF",0.993103448275862,1
290,17,"XGB",0.993103448275862,1
290,18,"LOGIS",0.989655172413793,0.994054696789536
290,18,"SVM",0.986206896551724,1
290,18,"KNN",0.962068965517241,0
290,18,"RF",0.996551724137931,1
290,18,"XGB",0.993103448275862,1
290,19,"LOGIS",0.975862068965517,0.985731272294887
290,19,"SVM",0.979310344827586,0.999048751486326
290,19,"KNN",0.927586206896552,0
290,19,"RF",0.982758620689655,0.99833531510107
290,19,"XGB",0.979310344827586,0.995719381688466
290,20,"LOGIS",0.986206896551724,0.999524375743163
290,20,"SVM",0.972413793103448,0.99833531510107
290,20,"KNN",0.913793103448276,0
290,20,"RF",0.979310344827586,0.999286563614744
290,20,"XGB",0.982758620689655,0.999524375743163
310,1,"LOGIS",0.996774193548387,1
310,1,"SVM",1,1
310,1,"KNN",0.92258064516129,0
310,1,"RF",0.996774193548387,0.999791883454735
310,1,"XGB",0.983870967741935,0.998751300728408
310,2,"LOGIS",0.987096774193548,0.999583766909469
310,2,"SVM",0.990322580645161,0.999583766909469
310,2,"KNN",0.958064516129032,0
310,2,"RF",0.996774193548387,0.999791883454735
310,2,"XGB",0.990322580645161,0.999791883454735
310,3,"LOGIS",0.990322580645161,1
310,3,"SVM",0.987096774193548,0.999167533818939
310,3,"KNN",0.935483870967742,0
310,3,"RF",0.993548387096774,0.998751300728408
310,3,"XGB",0.983870967741935,0.998959417273673
310,4,"LOGIS",0.987096774193548,0.999167533818939
310,4,"SVM",0.990322580645161,0.999167533818939
310,4,"KNN",0.935483870967742,0
310,4,"RF",0.996774193548387,1
310,4,"XGB",0.990322580645161,1
310,5,"LOGIS",0.974193548387097,0.990634755463059
310,5,"SVM",0.990322580645161,0.999583766909469
310,5,"KNN",0.92258064516129,0
310,5,"RF",0.987096774193548,0.999271592091571
310,5,"XGB",0.983870967741935,0.997710718002081
310,6,"LOGIS",0.97741935483871,0.999375650364204
310,6,"SVM",0.983870967741935,0.997710718002081
310,6,"KNN",0.929032258064516,0
310,6,"RF",0.97741935483871,0.997190426638918
310,6,"XGB",0.974193548387097,0.996670135275754
310,7,"LOGIS",0.980645161290323,0.998959417273673
310,7,"SVM",0.990322580645161,0.999791883454735
310,7,"KNN",0.938709677419355,0
310,7,"RF",0.987096774193548,1
310,7,"XGB",0.983870967741935,0.998543184183143
310,8,"LOGIS",0.993548387096774,0.998126951092612
310,8,"SVM",0.970967741935484,0.996462018730489
310,8,"KNN",0.932258064516129,0
310,8,"RF",0.974193548387097,0.998543184183143
310,8,"XGB",0.993548387096774,0.997502601456816
310,9,"LOGIS",0.974193548387097,0.990634755463059
310,9,"SVM",0.980645161290323,0.997918834547347
310,9,"KNN",0.929032258064516,0
310,9,"RF",0.970967741935484,0.998231009365245
310,9,"XGB",0.967741935483871,0.99729448491155
310,10,"LOGIS",0.983870967741935,0.995629552549428
310,10,"SVM",0.980645161290323,0.997918834547347
310,10,"KNN",0.92258064516129,0
310,10,"RF",0.980645161290323,0.999167533818939
310,10,"XGB",0.961290322580645,0.99729448491155
310,11,"LOGIS",0.996774193548387,0.999791883454735
310,11,"SVM",0.980645161290323,0.999375650364204
310,11,"KNN",0.916129032258065,0
310,11,"RF",0.987096774193548,0.999791883454735
310,11,"XGB",0.983870967741935,0.999583766909469
310,12,"LOGIS",0.97741935483871,0.991259105098855
310,12,"SVM",0.964516129032258,0.997710718002081
310,12,"KNN",0.945161290322581,0
310,12,"RF",0.980645161290323,0.999791883454735
310,12,"XGB",0.980645161290323,0.998959417273673
310,13,"LOGIS",0.990322580645161,0.999791883454735
310,13,"SVM",0.987096774193548,0.999791883454735
310,13,"KNN",0.938709677419355,0
310,13,"RF",0.983870967741935,0.999687825182102
310,13,"XGB",0.983870967741935,0.99843912591051
310,14,"LOGIS",0.990322580645161,0.999583766909469
310,14,"SVM",0.987096774193548,0.998335067637877
310,14,"KNN",0.954838709677419,0
310,14,"RF",0.987096774193548,0.998231009365245
310,14,"XGB",0.987096774193548,0.999583766909469
310,15,"LOGIS",0.987096774193548,1
310,15,"SVM",0.987096774193548,0.999583766909469
310,15,"KNN",0.938709677419355,0
310,15,"RF",0.990322580645161,1
310,15,"XGB",0.990322580645161,0.999583766909469
310,16,"LOGIS",0.990322580645161,1
310,16,"SVM",0.990322580645161,0.999583766909469
310,16,"KNN",0.958064516129032,0
310,16,"RF",0.987096774193548,0.999583766909469
310,16,"XGB",0.983870967741935,0.99843912591051
310,17,"LOGIS",0.993548387096774,0.999583766909469
310,17,"SVM",0.980645161290323,0.998751300728408
310,17,"KNN",0.929032258064516,0
310,17,"RF",0.980645161290323,0.999375650364204
310,17,"XGB",0.990322580645161,0.998959417273673
310,18,"LOGIS",1,1
310,18,"SVM",0.990322580645161,1
310,18,"KNN",0.970967741935484,0
310,18,"RF",0.996774193548387,1
310,18,"XGB",0.996774193548387,0.999791883454735
310,19,"LOGIS",0.987096774193548,0.998959417273673
310,19,"SVM",0.987096774193548,0.999375650364204
310,19,"KNN",0.929032258064516,0
310,19,"RF",0.987096774193548,0.998959417273673
310,19,"XGB",0.974193548387097,0.997918834547347
310,20,"LOGIS",0.990322580645161,0.994797086368366
310,20,"SVM",0.980645161290323,0.99687825182102
310,20,"KNN",0.929032258064516,0
310,20,"RF",0.983870967741935,0.998543184183143
310,20,"XGB",0.974193548387097,0.996253902185224
330,1,"LOGIS",0.984848484848485,0.993572084481175
330,1,"SVM",0.984848484848485,0.999081726354454
330,1,"KNN",0.948484848484848,0
330,1,"RF",0.987878787878788,0.99880624426079
330,1,"XGB",0.987878787878788,0.999632690541781
330,2,"LOGIS",0.996969696969697,1
330,2,"SVM",0.975757575757576,0.998714416896235
330,2,"KNN",0.945454545454545,0
330,2,"RF",0.975757575757576,0.998347107438017
330,2,"XGB",0.972727272727273,0.998163452708907
330,3,"LOGIS",0.993939393939394,1
330,3,"SVM",0.990909090909091,0.999632690541781
330,3,"KNN",0.957575757575758,0
330,3,"RF",0.984848484848485,1
330,3,"XGB",0.987878787878788,0.999632690541781
330,4,"LOGIS",0.987878787878788,0.999816345270891
330,4,"SVM",0.996969696969697,1
330,4,"KNN",0.966666666666667,0
330,4,"RF",0.993939393939394,1
330,4,"XGB",0.987878787878788,0.999449035812672
330,5,"LOGIS",0.993939393939394,0.999632690541781
330,5,"SVM",0.993939393939394,0.999816345270891
330,5,"KNN",0.948484848484848,0
330,5,"RF",0.987878787878788,0.999632690541781
330,5,"XGB",0.975757575757576,0.999081726354454
330,6,"LOGIS",0.993939393939394,1
330,6,"SVM",0.990909090909091,0.999816345270891
330,6,"KNN",0.966666666666667,0
330,6,"RF",0.996969696969697,1
330,6,"XGB",0.987878787878788,0.999081726354454
330,7,"LOGIS",0.987878787878788,1
330,7,"SVM",0.987878787878788,0.999632690541781
330,7,"KNN",0.939393939393939,0
330,7,"RF",0.987878787878788,0.999816345270891
330,7,"XGB",0.987878787878788,0.999265381083563
330,8,"LOGIS",0.996969696969697,0.999816345270891
330,8,"SVM",0.981818181818182,0.999632690541781
330,8,"KNN",0.93030303030303,0
330,8,"RF",0.984848484848485,0.999632690541781
330,8,"XGB",0.990909090909091,0.998347107438016
330,9,"LOGIS",1,1
330,9,"SVM",0.984848484848485,0.999632690541781
330,9,"KNN",0.942424242424242,0
330,9,"RF",0.996969696969697,0.999357208448118
330,9,"XGB",0.975757575757576,0.999632690541781
330,10,"LOGIS",0.990909090909091,1
330,10,"SVM",0.996969696969697,1
330,10,"KNN",0.933333333333333,0
330,10,"RF",0.990909090909091,1
330,10,"XGB",0.984848484848485,0.999081726354454
330,11,"LOGIS",0.975757575757576,0.986225895316804
330,11,"SVM",0.987878787878788,0.999265381083563
330,11,"KNN",0.954545454545455,0
330,11,"RF",0.984848484848485,0.996786042240588
330,11,"XGB",0.981818181818182,0.995775941230487
330,12,"LOGIS",0.993939393939394,0.999632690541781
330,12,"SVM",0.981818181818182,0.998714416896235
330,12,"KNN",0.933333333333333,0
330,12,"RF",0.984848484848485,0.999632690541781
330,12,"XGB",0.981818181818182,0.999449035812672
330,13,"LOGIS",0.990909090909091,0.999632690541781
330,13,"SVM",0.990909090909091,0.999449035812672
330,13,"KNN",0.93030303030303,0
330,13,"RF",0.987878787878788,0.999632690541781
330,13,"XGB",0.984848484848485,0.999449035812672
330,14,"LOGIS",0.993939393939394,1
330,14,"SVM",0.996969696969697,1
330,14,"KNN",0.896969696969697,0
330,14,"RF",0.990909090909091,0.999816345270891
330,14,"XGB",0.984848484848485,0.999449035812672
330,15,"LOGIS",0.990909090909091,0.999449035812672
330,15,"SVM",0.984848484848485,0.998163452708907
330,15,"KNN",0.945454545454545,0
330,15,"RF",0.975757575757576,0.998347107438016
330,15,"XGB",0.987878787878788,0.999081726354454
330,16,"LOGIS",0.990909090909091,0.999816345270891
330,16,"SVM",0.990909090909091,0.999265381083563
330,16,"KNN",0.936363636363636,0
330,16,"RF",0.990909090909091,0.999816345270891
330,16,"XGB",0.984848484848485,0.998714416896235
330,17,"LOGIS",0.993939393939394,0.999816345270891
330,17,"SVM",0.984848484848485,0.999449035812672
330,17,"KNN",0.927272727272727,0
330,17,"RF",0.987878787878788,0.999449035812672
330,17,"XGB",0.990909090909091,0.999449035812672
330,18,"LOGIS",0.993939393939394,0.999632690541781
330,18,"SVM",0.981818181818182,0.999081726354454
330,18,"KNN",0.945454545454546,0
330,18,"RF",0.987878787878788,0.999816345270891
330,18,"XGB",0.981818181818182,0.999632690541781
330,19,"LOGIS",0.993939393939394,1
330,19,"SVM",0.987878787878788,0.999265381083563
330,19,"KNN",0.948484848484848,0
330,19,"RF",0.984848484848485,0.999081726354454
330,19,"XGB",0.984848484848485,0.999081726354454
330,20,"LOGIS",0.996969696969697,1
330,20,"SVM",0.993939393939394,1
330,20,"KNN",0.948484848484848,0
330,20,"RF",1,1
330,20,"XGB",0.987878787878788,1
350,1,"LOGIS",0.988571428571429,0.998040816326531
350,1,"SVM",0.988571428571429,0.999510204081633
350,1,"KNN",0.942857142857143,0
350,1,"RF",0.985714285714286,0.999836734693878
350,1,"XGB",0.974285714285714,0.997224489795918
350,2,"LOGIS",0.985714285714286,0.999673469387755
350,2,"SVM",0.988571428571429,0.999836734693878
350,2,"KNN",0.937142857142857,0
350,2,"RF",0.985714285714286,1
350,2,"XGB",0.982857142857143,0.996979591836735
350,3,"LOGIS",0.988571428571429,0.998857142857143
350,3,"SVM",0.988571428571429,0.999673469387755
350,3,"KNN",0.937142857142857,0
350,3,"RF",0.991428571428571,0.999673469387755
350,3,"XGB",0.982857142857143,0.998040816326531
350,4,"LOGIS",0.988571428571429,0.99934693877551
350,4,"SVM",0.985714285714286,0.999183673469388
350,4,"KNN",0.948571428571429,0
350,4,"RF",0.991428571428571,0.999020408163265
350,4,"XGB",0.985714285714286,0.998204081632653
350,5,"LOGIS",0.988571428571429,0.998367346938775
350,5,"SVM",0.971428571428571,0.998204081632653
350,5,"KNN",0.937142857142857,0
350,5,"RF",0.994285714285714,0.999591836734694
350,5,"XGB",0.988571428571429,0.998530612244898
350,6,"LOGIS",0.98,0.997551020408163
350,6,"SVM",0.988571428571429,1
350,6,"KNN",0.942857142857143,0
350,6,"RF",0.988571428571429,1
350,6,"XGB",0.991428571428571,0.999510204081633
350,7,"LOGIS",0.997142857142857,1
350,7,"SVM",0.985714285714286,0.999673469387755
350,7,"KNN",0.968571428571429,0
350,7,"RF",0.994285714285714,0.999673469387755
350,7,"XGB",0.974285714285714,0.999020408163265
350,8,"LOGIS",0.997142857142857,0.999183673469388
350,8,"SVM",0.991428571428571,0.999673469387755
350,8,"KNN",0.931428571428571,0
350,8,"RF",0.982857142857143,0.999020408163265
350,8,"XGB",0.982857142857143,0.999510204081633
350,9,"LOGIS",0.994285714285714,0.99934693877551
350,9,"SVM",0.985714285714286,0.999673469387755
350,9,"KNN",0.948571428571429,0
350,9,"RF",0.988571428571429,0.99934693877551
350,9,"XGB",0.991428571428571,0.999673469387755
350,10,"LOGIS",0.991428571428571,0.997877551020408
350,10,"SVM",0.977142857142857,0.999510204081633
350,10,"KNN",0.945714285714286,0
350,10,"RF",0.988571428571429,0.999836734693878
350,10,"XGB",0.988571428571429,0.999183673469388
350,11,"LOGIS",0.991428571428571,0.999836734693878
350,11,"SVM",0.991428571428571,0.999836734693878
350,11,"KNN",0.957142857142857,0
350,11,"RF",0.988571428571429,0.999265306122449
350,11,"XGB",0.98,0.99934693877551
350,12,"LOGIS",1,1
350,12,"SVM",0.997142857142857,1
350,12,"KNN",0.931428571428571,0
350,12,"RF",0.994285714285714,1
350,12,"XGB",0.982857142857143,0.998040816326531
350,13,"LOGIS",0.985714285714286,0.998040816326531
350,13,"SVM",0.98,0.999510204081633
350,13,"KNN",0.96,0
350,13,"RF",0.991428571428571,0.99934693877551
350,13,"XGB",0.994285714285714,0.99934693877551
350,14,"LOGIS",0.991428571428571,0.99869387755102
350,14,"SVM",0.991428571428571,1
350,14,"KNN",0.957142857142857,0
350,14,"RF",0.985714285714286,0.999836734693878
350,14,"XGB",0.98,0.999020408163265
350,15,"LOGIS",0.997142857142857,1
350,15,"SVM",0.991428571428571,0.999836734693878
350,15,"KNN",0.951428571428572,0
350,15,"RF",0.991428571428571,0.999755102040816
350,15,"XGB",0.98,0.998530612244898
350,16,"LOGIS",0.991428571428571,1
350,16,"SVM",0.982857142857143,0.999673469387755
350,16,"KNN",0.917142857142857,0
350,16,"RF",0.982857142857143,0.999673469387755
350,16,"XGB",0.988571428571429,0.999510204081633
350,17,"LOGIS",1,1
350,17,"SVM",0.98,0.999020408163265
350,17,"KNN",0.945714285714286,0
350,17,"RF",0.985714285714286,0.998775510204082
350,17,"XGB",0.982857142857143,0.998857142857143
350,18,"LOGIS",0.991428571428571,1
350,18,"SVM",0.994285714285714,0.999673469387755
350,18,"KNN",0.94,0
350,18,"RF",0.988571428571429,1
350,18,"XGB",0.991428571428571,0.999673469387755
350,19,"LOGIS",0.988571428571429,1
350,19,"SVM",0.988571428571429,0.999183673469388
350,19,"KNN",0.948571428571429,0
350,19,"RF",0.988571428571429,0.999510204081633
350,19,"XGB",0.991428571428571,0.999673469387755
350,20,"LOGIS",0.974285714285714,0.997061224489796
350,20,"SVM",0.982857142857143,0.99869387755102
350,20,"KNN",0.951428571428571,0
350,20,"RF",0.985714285714286,0.999591836734694
350,20,"XGB",0.991428571428571,0.999673469387755
370,1,"LOGIS",0.997297297297297,1
370,1,"SVM",0.983783783783784,0.99926953981008
370,1,"KNN",0.945945945945946,0
370,1,"RF",0.991891891891892,0.999707815924032
370,1,"XGB",0.981081081081081,0.999123447772096
370,2,"LOGIS",0.983783783783784,0.999123447772096
370,2,"SVM",0.981081081081081,0.999415631848064
370,2,"KNN",0.932432432432432,0
370,2,"RF",0.983783783783784,0.998539079620161
370,2,"XGB",0.978378378378378,0.997954711468225
370,3,"LOGIS",0.978378378378378,0.998831263696129
370,3,"SVM",0.991891891891892,0.99926953981008
370,3,"KNN",0.935135135135135,0
370,3,"RF",0.986486486486487,0.998904309715121
370,3,"XGB",0.986486486486487,0.99926953981008
370,4,"LOGIS",0.994594594594595,0.999853907962016
370,4,"SVM",0.989189189189189,0.999707815924032
370,4,"KNN",0.951351351351351,0
370,4,"RF",0.994594594594595,1
370,4,"XGB",0.989189189189189,0.999926953981008
370,5,"LOGIS",0.978378378378378,0.995617238860482
370,5,"SVM",0.989189189189189,1
370,5,"KNN",0.959459459459459,0
370,5,"RF",0.994594594594595,1
370,5,"XGB",0.991891891891892,0.999123447772096
370,6,"LOGIS",0.994594594594595,0.998246895544193
370,6,"SVM",0.994594594594595,0.999707815924032
370,6,"KNN",0.959459459459459,0
370,6,"RF",0.994594594594595,0.999926953981008
370,6,"XGB",0.989189189189189,0.99926953981008
370,7,"LOGIS",0.997297297297297,0.999853907962016
370,7,"SVM",0.994594594594595,0.999707815924032
370,7,"KNN",0.945945945945946,0
370,7,"RF",0.997297297297297,0.999707815924032
370,7,"XGB",0.986486486486487,0.999561723886048
370,8,"LOGIS",0.986486486486487,1
370,8,"SVM",0.994594594594595,1
370,8,"KNN",0.951351351351351,0
370,8,"RF",0.997297297297297,1
370,8,"XGB",0.986486486486487,0.999561723886048
370,9,"LOGIS",0.981081081081081,0.998100803506209
370,9,"SVM",0.994594594594595,0.99926953981008
370,9,"KNN",0.943243243243243,0
370,9,"RF",0.989189189189189,0.998758217677137
370,9,"XGB",0.989189189189189,0.999415631848064
370,10,"LOGIS",0.991891891891892,0.998392987582177
370,10,"SVM",0.978378378378378,0.998831263696129
370,10,"KNN",0.940540540540541,0
370,10,"RF",0.983783783783784,0.998977355734113
370,10,"XGB",0.986486486486487,0.997516435354273
370,11,"LOGIS",0.983783783783784,0.999123447772096
370,11,"SVM",0.983783783783784,0.999415631848064
370,11,"KNN",0.951351351351351,0
370,11,"RF",0.986486486486487,0.999707815924032
370,11,"XGB",0.989189189189189,0.998539079620161
370,12,"LOGIS",0.997297297297297,0.999707815924032
370,12,"SVM",0.981081081081081,0.998539079620161
370,12,"KNN",0.954054054054054,0
370,12,"RF",0.983783783783784,0.99926953981008
370,12,"XGB",0.972972972972973,0.998685171658145
370,13,"LOGIS",0.981081081081081,0.998392987582177
370,13,"SVM",0.994594594594595,0.999707815924032
370,13,"KNN",0.937837837837838,0
370,13,"RF",0.991891891891892,0.999853907962016
370,13,"XGB",0.991891891891892,0.999561723886048
370,14,"LOGIS",0.981081081081081,0.999415631848064
370,14,"SVM",0.991891891891892,0.999853907962016
370,14,"KNN",0.948648648648649,0
370,14,"RF",0.994594594594595,1
370,14,"XGB",0.981081081081081,0.998977355734113
370,15,"LOGIS",0.997297297297297,1
370,15,"SVM",0.986486486486487,0.999853907962016
370,15,"KNN",0.943243243243243,0
370,15,"RF",0.991891891891892,0.999561723886048
370,15,"XGB",0.991891891891892,1
370,16,"LOGIS",0.981081081081081,0.998246895544193
370,16,"SVM",0.994594594594595,0.999707815924032
370,16,"KNN",0.943243243243243,0
370,16,"RF",0.994594594594595,0.999780861943024
370,16,"XGB",0.989189189189189,0.999561723886048
370,17,"LOGIS",0.989189189189189,0.997954711468225
370,17,"SVM",0.986486486486487,0.999561723886048
370,17,"KNN",0.945945945945946,0
370,17,"RF",0.986486486486487,0.999853907962016
370,17,"XGB",0.991891891891892,0.998977355734113
370,18,"LOGIS",0.986486486486487,0.999853907962016
370,18,"SVM",0.991891891891892,0.999707815924032
370,18,"KNN",0.935135135135135,0
370,18,"RF",0.997297297297297,1
370,18,"XGB",0.983783783783784,0.999561723886048
370,19,"LOGIS",0.997297297297297,1
370,19,"SVM",0.983783783783784,0.998977355734113
370,19,"KNN",0.943243243243243,0
370,19,"RF",0.981081081081081,0.999561723886048
370,19,"XGB",0.989189189189189,0.999415631848064
370,20,"LOGIS",0.994594594594595,0.999853907962016
370,20,"SVM",0.983783783783784,0.999561723886048
370,20,"KNN",0.954054054054054,0
370,20,"RF",0.991891891891892,1
370,20,"XGB",0.991891891891892,1
390,1,"LOGIS",1,1
390,1,"SVM",0.992307692307692,0.999342537804076
390,1,"KNN",0.948717948717949,0
390,1,"RF",0.992307692307692,0.999474030243261
390,1,"XGB",0.982051282051282,0.998948060486522
390,2,"LOGIS",1,1
390,2,"SVM",0.98974358974359,1
390,2,"KNN",0.930769230769231,0
390,2,"RF",0.994871794871795,0.999605522682446
390,2,"XGB",0.984615384615385,0.999211045364891
390,3,"LOGIS",0.997435897435897,0.999868507560815
390,3,"SVM",0.982051282051282,0.999474030243261
390,3,"KNN",0.930769230769231,0
390,3,"RF",0.987179487179487,0.999474030243261
390,3,"XGB",0.98974358974359,0.999211045364892
390,4,"LOGIS",1,1
390,4,"SVM",0.98974358974359,0.99973701512163
390,4,"KNN",0.953846153846154,0
390,4,"RF",0.992307692307692,0.99973701512163
390,4,"XGB",0.982051282051282,0.998685075608153
390,5,"LOGIS",0.997435897435897,1
390,5,"SVM",0.976923076923077,0.998290598290598
390,5,"KNN",0.951282051282051,0
390,5,"RF",0.98974358974359,0.99973701512163
390,5,"XGB",0.979487179487179,0.997764628533859
390,6,"LOGIS",1,1
390,6,"SVM",0.984615384615385,0.999342537804076
390,6,"KNN",0.953846153846154,0
390,6,"RF",0.98974358974359,1
390,6,"XGB",0.984615384615385,0.999079552925707
390,7,"LOGIS",1,1
390,7,"SVM",0.992307692307692,0.999605522682446
390,7,"KNN",0.941025641025641,0
390,7,"RF",0.992307692307692,0.999802761341223
390,7,"XGB",0.994871794871795,0.99973701512163
390,8,"LOGIS",1,1
390,8,"SVM",0.992307692307692,0.99973701512163
390,8,"KNN",0.958974358974359,0
390,8,"RF",0.98974358974359,0.999211045364891
390,8,"XGB",0.98974358974359,0.999211045364891
390,9,"LOGIS",0.997435897435897,1
390,9,"SVM",0.982051282051282,0.997107166337936
390,9,"KNN",0.948717948717949,0
390,9,"RF",0.982051282051282,0.998685075608153
390,9,"XGB",0.98974358974359,0.998422090729783
390,10,"LOGIS",0.997435897435897,1
390,10,"SVM",0.976923076923077,0.999474030243261
390,10,"KNN",0.923076923076923,0
390,10,"RF",0.98974358974359,0.999079552925707
390,10,"XGB",0.982051282051282,0.998685075608153
390,11,"LOGIS",1,1
390,11,"SVM",0.982051282051282,0.999079552925707
390,11,"KNN",0.935897435897436,0
390,11,"RF",0.984615384615385,0.999605522682446
390,11,"XGB",0.98974358974359,1
390,12,"LOGIS",1,1
390,12,"SVM",0.971794871794872,0.999211045364891
390,12,"KNN",0.948717948717949,0
390,12,"RF",0.979487179487179,0.99973701512163
390,12,"XGB",0.974358974358974,0.999276791584484
390,13,"LOGIS",0.997435897435897,1
390,13,"SVM",0.982051282051282,0.999474030243261
390,13,"KNN",0.953846153846154,0
390,13,"RF",0.987179487179487,0.999474030243261
390,13,"XGB",0.976923076923077,0.999342537804076
390,14,"LOGIS",0.997435897435897,1
390,14,"SVM",0.987179487179487,0.999474030243261
390,14,"KNN",0.953846153846154,0
390,14,"RF",0.98974358974359,0.998816568047337
390,14,"XGB",0.98974358974359,1
390,15,"LOGIS",0.997435897435897,1
390,15,"SVM",0.98974358974359,0.999474030243261
390,15,"KNN",0.961538461538462,0
390,15,"RF",0.98974358974359,0.999671268902038
390,15,"XGB",0.98974358974359,1
390,16,"LOGIS",1,1
390,16,"SVM",0.987179487179487,0.998816568047337
390,16,"KNN",0.928205128205128,0
390,16,"RF",0.98974358974359,0.999605522682446
390,16,"XGB",0.98974358974359,0.999474030243261
390,17,"LOGIS",1,1
390,17,"SVM",0.98974358974359,0.999605522682446
390,17,"KNN",0.953846153846154,0
390,17,"RF",0.987179487179487,1
390,17,"XGB",0.994871794871795,0.999868507560815
390,18,"LOGIS",1,1
390,18,"SVM",0.98974358974359,0.999605522682446
390,18,"KNN",0.964102564102564,0
390,18,"RF",0.997435897435897,1
390,18,"XGB",0.987179487179487,1
390,19,"LOGIS",1,1
390,19,"SVM",0.987179487179487,0.999605522682446
390,19,"KNN",0.956410256410256,0
390,19,"RF",0.984615384615385,0.999474030243261
390,19,"XGB",0.98974358974359,0.999474030243261
390,20,"LOGIS",0.997435897435897,0.999868507560815
390,20,"SVM",0.982051282051282,0.999605522682446
390,20,"KNN",0.941025641025641,0
390,20,"RF",0.987179487179487,0.999868507560815
390,20,"XGB",0.98974358974359,0.997764628533859
