kl,recons
2.802077293395996,2269.705322265625
1.492756962776184,2238.830078125
0.8347929120063782,2206.749755859375
0.524246871471405,2252.771484375
0.40060433745384216,2290.0
0.2969825863838196,2229.608642578125
0.2468259632587433,2330.71435546875
0.21211303770542145,2276.55615234375
0.17372769117355347,2313.28515625
0.15767225623130798,2158.8974609375
0.1459219753742218,2382.99755859375
0.15431585907936096,2209.086669921875
0.15742315351963043,2217.55908203125
0.15238405764102936,2198.02001953125
0.1396232396364212,2210.6376953125
0.13407815992832184,2191.76416015625
0.13019916415214539,2117.753173828125
0.12563824653625488,2050.632568359375
0.12841066718101501,2034.370361328125
0.12672337889671326,2155.0322265625
0.1375303417444229,1932.913330078125
0.13145259022712708,1745.815185546875
0.14257816970348358,1975.2335205078125
0.1478222757577896,1854.625732421875
0.17753015458583832,1938.9932861328125
0.22231793403625488,1808.91357421875
0.2837011516094208,1755.75048828125
0.39586517214775085,1679.202392578125
0.5615816712379456,1660.384521484375
0.7818406820297241,1518.8614501953125
1.2367178201675415,1560.886474609375
1.5447744131088257,1349.415771484375
2.440237283706665,1543.6416015625
2.6811137199401855,1093.7923583984375
3.0045840740203857,961.8564453125
3.3903470039367676,925.0313110351562
3.620340347290039,807.754150390625
3.534144401550293,747.6257934570312
3.2896223068237305,684.5609130859375
2.843736410140991,673.097900390625
2.548954725265503,613.2205200195312
2.049393653869629,596.7608032226562
1.6641918420791626,580.0184936523438
1.0707929134368896,620.611083984375
0.9026831984519958,595.4414672851562
0.6725381016731262,597.4910888671875
0.46804338693618774,552.0827026367188
0.35750049352645874,561.5376586914062
0.27585282921791077,521.9082641601562
0.20703089237213135,547.54443359375
0.16682912409305573,562.5429077148438
0.1468738317489624,527.9952392578125
0.1359516978263855,576.177490234375
0.13999538123607635,551.8201293945312
0.15147607028484344,570.5695190429688
0.15136031806468964,502.7128601074219
0.1642501950263977,588.2982177734375
0.1708124727010727,533.0910034179688
0.164799764752388,535.2330322265625
0.1511392444372177,532.4317016601562
0.1393699049949646,529.3124389648438
0.13339373469352722,538.9537353515625
0.12263160198926926,484.397216796875
0.1160164624452591,516.4048461914062
0.12237506359815598,499.3581237792969
0.11093107610940933,417.73468017578125
0.1272585541009903,478.0910949707031
0.1305917352437973,490.0983581542969
0.13860532641410828,530.5511474609375
0.14179694652557373,454.1157531738281
0.1467982530593872,517.1491088867188
0.1532580703496933,491.2537841796875
0.16738921403884888,519.7766723632812
0.1720290184020996,465.91888427734375
0.18868064880371094,484.89947509765625
0.20005756616592407,464.884033203125
0.17838220298290253,330.747314453125
0.2090476155281067,457.92144775390625
0.19851750135421753,450.8002624511719
0.2167060226202011,472.94610595703125
0.2221885323524475,466.95660400390625
0.21351924538612366,481.9748840332031
0.2130570262670517,464.3176574707031
0.21564467251300812,447.37548828125
0.21840400993824005,481.6959228515625
0.23099938035011292,465.0216979980469
0.21264007687568665,473.34918212890625
0.19617705047130585,478.3108825683594
0.20323245227336884,442.54541015625
0.19064471125602722,449.7720947265625
0.19362924993038177,470.45037841796875
0.16668526828289032,452.22998046875
0.17950500547885895,455.6415710449219
0.18054461479187012,497.9629211425781
0.16574838757514954,471.1893615722656
0.1710233986377716,463.69921875
0.1825413852930069,462.6390075683594
0.15311722457408905,461.8463134765625
0.207164004445076,412.76104736328125
0.19998012483119965,445.5924377441406
0.19803951680660248,450.7737731933594
0.21859343349933624,455.63262939453125
0.18281911313533783,447.96826171875
0.214520663022995,451.905029296875
0.22228290140628815,443.4750061035156
0.21893896162509918,459.39947509765625
0.22473038733005524,480.0003356933594
0.17386631667613983,459.36468505859375
0.18557491898536682,439.56005859375
0.14829547703266144,412.30059814453125
0.18067173659801483,447.73651123046875
0.17010566592216492,452.2882080078125
0.17235764861106873,443.9118957519531
0.1769818663597107,441.8000793457031
0.1852382868528366,459.34906005859375
0.15018858015537262,449.7374267578125
0.17923441529273987,459.49981689453125
0.17741741240024567,434.42620849609375
0.20810358226299286,439.9390563964844
0.18860125541687012,461.5500793457031
0.1804797500371933,471.3232421875
0.18250411748886108,435.1473388671875
0.20680436491966248,444.54278564453125
0.2358023077249527,444.4808044433594
0.17743057012557983,450.75225830078125
0.18447011709213257,450.5753173828125
0.16133980453014374,455.5499267578125
0.1504410058259964,471.13763427734375
0.1561179757118225,469.8769836425781
0.13371960818767548,457.89605712890625
0.11448083817958832,443.411376953125
0.18038669228553772,389.03021240234375
0.14718346297740936,462.4051208496094
0.15357373654842377,446.51849365234375
0.15490545332431793,443.5803527832031
0.17941513657569885,458.4305114746094
0.17816564440727234,452.7938232421875
0.16541415452957153,452.0364685058594
0.18273615837097168,446.7024841308594
0.18075035512447357,451.37750244140625
0.1726117879152298,461.2986145019531
0.19627715647220612,427.41839599609375
0.19487734138965607,387.4292297363281
0.2017633467912674,435.8839111328125
0.16716709733009338,419.82257080078125
0.1964741200208664,428.32000732421875
0.2158331722021103,438.15728759765625
0.17758528888225555,451.10894775390625
0.16435998678207397,449.5909729003906
0.16424240171909332,428.1703186035156
0.19296033680438995,456.8516540527344
0.13938307762145996,443.5055236816406
0.2085728794336319,441.6722106933594
0.09336309880018234,425.5794372558594
0.1755746603012085,460.96636962890625
0.18340061604976654,437.8515930175781
0.2023298740386963,440.4169616699219
0.19178293645381927,449.0915832519531
0.24435333907604218,457.8057861328125
0.210942804813385,424.0150146484375
0.23360542953014374,448.9453125
0.2337540239095688,436.33245849609375
0.22906921803951263,449.1191101074219
0.18175189197063446,449.3605041503906
0.12667278945446014,386.285888671875
0.1720045655965805,416.9470520019531
0.1873638778924942,455.9513854980469
0.20081529021263123,456.13629150390625
0.19009914994239807,447.17242431640625
0.1850990355014801,461.8594665527344
0.1667381227016449,437.4665832519531
0.185320645570755,453.23468017578125
0.18838967382907867,446.1372375488281
0.2365104705095291,423.13189697265625
0.2154449075460434,456.2497863769531
0.1506836712360382,475.4417419433594
0.19855307042598724,425.12200927734375
0.19064828753471375,440.80389404296875
0.28031280636787415,465.7252502441406
0.2505921423435211,438.27752685546875
0.22798702120780945,447.7342529296875
0.21594320237636566,441.0661926269531
0.19889038801193237,441.31793212890625
0.23193687200546265,431.1448669433594
0.23286326229572296,464.1321716308594
0.20679838955402374,450.7325134277344
0.2984681725502014,390.6907653808594
0.21939271688461304,429.07379150390625
0.2692264914512634,451.01385498046875
0.23756353557109833,445.3184814453125
0.2039257287979126,442.6157531738281
0.19737038016319275,454.7353210449219
0.19344118237495422,443.5549621582031
0.1578076183795929,437.11480712890625
0.23977966606616974,432.7891845703125
0.196533665060997,424.1885986328125
0.21626116335391998,435.31939697265625
0.37709328532218933,414.9969787597656
0.2317451536655426,447.9744873046875
0.2118799239397049,440.1237487792969
0.19602300226688385,422.60211181640625
0.15774567425251007,429.3135070800781
0.17932575941085815,440.46124267578125
0.16778017580509186,423.3408508300781
0.20121102035045624,457.3271789550781
0.2248171716928482,431.72015380859375
0.16728506982326508,446.4637145996094
0.22850723564624786,468.4359436035156
0.04831734299659729,343.02777099609375
0.17279884219169617,428.2194519042969
0.2100415974855423,434.48797607421875
0.19190478324890137,426.6464538574219
0.18257874250411987,440.25042724609375
0.22867262363433838,441.01251220703125
0.20305226743221283,420.233154296875
0.14364910125732422,427.1465148925781
0.26647183299064636,448.783935546875
0.19832514226436615,440.8512268066406
0.22316691279411316,446.62969970703125
0.0826122909784317,423.05364990234375
0.23328158259391785,443.53338623046875
0.18010716140270233,441.0002746582031
0.2138482630252838,438.0041809082031
0.2221004068851471,435.53570556640625
0.17773453891277313,437.50390625
0.2320348173379898,429.6051940917969
0.2487865686416626,450.2528991699219
0.22590859234333038,451.8155517578125
0.19387957453727722,434.015625
0.1944456696510315,422.72186279296875
0.21318753063678741,391.1490173339844
0.22408773005008698,432.0489501953125
0.22994574904441833,446.0965576171875
0.19967350363731384,439.76190185546875
0.21920855343341827,447.22735595703125
0.1591738611459732,423.8362731933594
0.18465803563594818,421.5690002441406
0.20964521169662476,423.5502624511719
0.24547944962978363,464.0250549316406
0.20351114869117737,457.79608154296875
0.20535814762115479,441.0954895019531
0.3241100311279297,394.0846862792969
0.18563511967658997,436.4104309082031
0.26385414600372314,449.57147216796875
0.1912717968225479,458.68072509765625
0.2106575071811676,443.2254333496094
0.1804092824459076,431.2281799316406
0.23948955535888672,429.25799560546875
0.20217882096767426,438.7144470214844
0.19344229996204376,425.9745178222656
0.18895605206489563,453.37799072265625
0.16714076697826385,416.5823059082031
0.09325717389583588,365.17364501953125
0.26098549365997314,435.15582275390625
0.20527665317058563,431.7084655761719
0.169667586684227,420.7834777832031
0.2151714563369751,450.2882385253906
0.20742927491664886,422.37640380859375
0.28843575716018677,445.8780822753906
0.22530029714107513,433.06329345703125
0.2574338912963867,434.0385437011719
0.22351399064064026,429.7218017578125
0.22083690762519836,421.73907470703125
0.18100734055042267,406.93597412109375
0.19842322170734406,417.6954040527344
0.20860467851161957,448.3811950683594
0.19731919467449188,437.06109619140625
0.24480853974819183,439.1846008300781
0.14360198378562927,442.9356689453125
0.20461884140968323,409.59869384765625
0.16196148097515106,419.1001281738281
0.25300154089927673,447.7621154785156
0.2073923945426941,429.3782958984375
0.22895033657550812,445.0227355957031
0.08108096569776535,389.0664978027344
0.17926189303398132,425.8173522949219
0.18261858820915222,425.7320861816406
0.1938944011926651,439.61572265625
0.22347888350486755,452.9253845214844
0.1989513337612152,441.3182678222656
0.1987878829240799,427.7838134765625
0.18117740750312805,416.9186706542969
0.23404338955879211,446.639892578125
0.2072584182024002,437.2918701171875
0.15712936222553253,434.7007751464844
0.09165588766336441,444.4888610839844
0.2120979279279709,439.76776123046875
0.20400403439998627,446.81591796875
0.19786417484283447,437.6698303222656
0.17626766860485077,432.94427490234375
0.1891074776649475,428.8375549316406
0.14698044955730438,426.53924560546875
0.1735186129808426,431.95989990234375
0.17120271921157837,432.57794189453125
0.19602704048156738,421.90740966796875
0.16525587439537048,443.8869934082031
0.19746002554893494,522.7113037109375
0.16280068457126617,417.1695861816406
0.31504911184310913,440.2249450683594
0.2219705730676651,420.5743408203125
0.21278728544712067,446.1375427246094
0.23627708852291107,421.6627502441406
0.19235816597938538,453.61151123046875
0.2528426945209503,431.4984436035156
0.2361690104007721,434.6555480957031
0.19132915139198303,430.9607238769531
0.2538392245769501,462.78228759765625
0.04506171494722366,407.82073974609375
0.2425549030303955,435.5312194824219
0.18303857743740082,442.1523742675781
0.25313234329223633,441.1898498535156
0.2343505471944809,429.7989501953125
0.2826571464538574,434.03887939453125
0.2414764165878296,437.66326904296875
0.25032591819763184,425.4955749511719
0.2470904439687729,436.0920104980469
0.2221723198890686,430.43994140625
0.2264035940170288,420.5909729003906
0.33098870515823364,494.0850524902344
0.22500118613243103,423.815673828125
0.24158042669296265,441.9725646972656
0.1823396533727646,414.5016784667969
0.1971425563097,441.68994140625
0.2033773809671402,431.97265625
0.17329925298690796,430.77691650390625
0.20928789675235748,439.87811279296875
0.18605075776576996,423.7664794921875
0.19263558089733124,441.5078125
0.15881825983524323,442.7799377441406
0.14090955257415771,417.22161865234375
0.15014150738716125,447.5709228515625
0.1672477424144745,428.3845520019531
0.18071730434894562,437.65069580078125
0.1716422587633133,426.9835205078125
0.19656728208065033,440.1867980957031
0.15369044244289398,440.38250732421875
0.2110082060098648,438.4533386230469
0.16631293296813965,424.4799499511719
0.1806231588125229,434.34210205078125
0.18270336091518402,429.8564758300781
0.45409512519836426,376.58721923828125
0.23898203670978546,437.62982177734375
0.1739305555820465,433.38897705078125
0.23667697608470917,450.739501953125
0.18175259232521057,437.5874938964844
0.21550936996936798,418.84002685546875
0.21103763580322266,430.0445251464844
0.2474561333656311,420.3917236328125
0.24462178349494934,438.9336853027344
0.23564819991588593,447.1617736816406
0.2299359142780304,427.41619873046875
0.17545953392982483,432.3020935058594
0.19935697317123413,422.28350830078125
0.1566430926322937,422.0776062011719
0.23020558059215546,466.1460876464844
0.21991878747940063,430.6080322265625
0.207097589969635,420.2786560058594
0.1970510333776474,424.2611999511719
0.1794307976961136,431.9908752441406
0.140411838889122,435.6722106933594
0.22448661923408508,448.1867980957031
0.15125645697116852,435.2021789550781
0.2132217437028885,427.43267822265625
0.19563092291355133,457.1266784667969
0.18573389947414398,433.6217346191406
0.2016151249408722,430.2700500488281
0.20334284007549286,416.8937072753906
0.1713418811559677,420.10601806640625
0.17763924598693848,448.6317138671875
0.18479493260383606,410.4667663574219
0.17991383373737335,429.7445373535156
0.23778150975704193,448.3096923828125
0.17887170612812042,432.9774169921875
0.0547109916806221,427.3218688964844
0.21732097864151,425.68572998046875
0.23367421329021454,431.6368103027344
0.24986115097999573,445.9022216796875
0.13885965943336487,416.2127685546875
0.23516584932804108,429.3906555175781
0.17288868129253387,447.7287292480469
0.16000495851039886,441.7206726074219
0.1792801320552826,435.8794250488281
0.2100345343351364,430.26129150390625
0.17954112589359283,425.9453125
0.10063645988702774,393.12078857421875
0.16902320086956024,443.509765625
0.2290864735841751,423.098388671875
0.25090575218200684,434.06329345703125
0.22794291377067566,429.40142822265625
0.21309055387973785,434.93524169921875
0.18539759516716003,417.82049560546875
0.2200307697057724,418.29974365234375
0.1784229725599289,426.90625
0.21726879477500916,441.3977966308594
0.2322918325662613,423.7115478515625
0.17116767168045044,411.62957763671875
0.21099556982517242,443.16552734375
0.23791176080703735,428.8382873535156
0.18830937147140503,416.4082946777344
0.19964447617530823,423.5821228027344
0.19988058507442474,430.48785400390625
0.23348306119441986,440.4407958984375
0.23137067258358002,444.1884460449219
0.13777902722358704,425.6989440917969
0.18262656033039093,439.5289611816406
0.15314969420433044,419.3633728027344
0.31888023018836975,484.42724609375
0.17650845646858215,408.97882080078125
0.2120068073272705,438.1492919921875
0.2408357560634613,419.5794372558594
0.23845568299293518,450.20538330078125
0.24468882381916046,426.15069580078125
0.21093818545341492,437.95233154296875
0.2656523287296295,423.9745788574219
0.19894924759864807,436.7939147949219
0.18901482224464417,412.8353271484375
0.2587209641933441,414.2243347167969
0.13003377616405487,399.9256896972656
0.22603073716163635,434.0502624511719
0.2254331111907959,430.23138427734375
0.19269146025180817,431.63043212890625
0.21684114634990692,431.8848571777344
0.19833414256572723,416.55230712890625
0.1821725070476532,439.98193359375
0.1895124614238739,420.5873718261719
0.19111938774585724,422.1693115234375
0.22395570576190948,447.0456237792969
0.13725106418132782,435.07977294921875
0.3312918543815613,386.1551818847656
0.16171512007713318,452.3121643066406
0.2085636407136917,460.59820556640625
0.16386441886425018,430.74395751953125
0.19997575879096985,452.3239440917969
0.184968963265419,438.6384582519531
0.18764741718769073,417.9141845703125
0.13526339828968048,411.48223876953125
0.134479358792305,418.5138854980469
0.17552655935287476,424.70684814453125
0.1545238047838211,424.9317321777344
0.2700606882572174,437.87603759765625
0.14713747799396515,431.5711364746094
0.17328901588916779,418.504638671875
0.17413918673992157,428.0387268066406
0.18978506326675415,412.8133239746094
0.16866758465766907,436.8169250488281
0.21840547025203705,433.0697021484375
0.17638280987739563,440.8072509765625
0.18717940151691437,420.2986145019531
0.2018739879131317,421.2369689941406
0.1715380996465683,434.9866638183594
0.3543381094932556,472.5492248535156
0.2574487030506134,463.64501953125
0.1597445160150528,414.60687255859375
0.2309112548828125,442.5548095703125
0.1557467132806778,408.2020263671875
0.16884055733680725,422.3135070800781
0.1403341144323349,426.9269104003906
0.22662639617919922,431.8868103027344
0.1889321208000183,411.72021484375
0.1446685940027237,420.97314453125
0.226909339427948,436.9880065917969
0.2495267689228058,465.3387145996094
0.17718465626239777,416.31549072265625
0.2577148377895355,414.02813720703125
0.2277916520833969,418.2678527832031
0.19845029711723328,433.98663330078125
0.21452553570270538,444.11956787109375
0.1962740570306778,434.4290466308594
0.2018490880727768,434.5381164550781
0.2471838891506195,427.2389831542969
0.2786751091480255,444.6953430175781
0.23661452531814575,426.2203063964844
0.15263649821281433,382.47467041015625
0.21748343110084534,429.8210144042969
0.19389550387859344,416.4580383300781
0.1870821863412857,438.0623779296875
0.18009759485721588,435.7881164550781
0.16653667390346527,408.1123352050781
0.20037981867790222,450.73028564453125
0.21410433948040009,448.02288818359375
0.21356260776519775,417.4158020019531
0.20409923791885376,418.0861511230469
0.18449895083904266,418.3987731933594
0.06888347864151001,380.0580139160156
0.20676477253437042,432.1288757324219
0.20220012962818146,429.40533447265625
0.21003779768943787,438.7621154785156
0.24723222851753235,428.69256591796875
0.22942283749580383,429.2499084472656
0.2182009220123291,418.50885009765625
0.1986037641763687,415.15081787109375
0.19675780832767487,417.7522277832031
0.2605648338794708,451.86114501953125
0.22199825942516327,421.4438781738281
0.12392371892929077,400.2165222167969
0.23445801436901093,430.62164306640625
0.2724386751651764,439.1579284667969
0.1936756819486618,424.5290222167969
0.1999613493680954,421.1699523925781
0.20036324858665466,418.6533508300781
0.21785961091518402,418.7545166015625
0.2006140649318695,421.89398193359375
0.21430952847003937,421.73980712890625
0.2152019888162613,417.96112060546875
0.15935853123664856,427.3043518066406
0.10584869235754013,398.5502014160156
0.17451515793800354,424.58770751953125
0.12874554097652435,425.3759460449219
0.15051734447479248,429.25836181640625
0.2066403329372406,447.2330322265625
0.1948644369840622,422.4189147949219
0.1569514125585556,409.8815002441406
0.19790460169315338,431.5057373046875
0.22546793520450592,440.8043518066406
0.19437694549560547,428.1831970214844
0.22141516208648682,434.1250915527344
0.26670166850090027,412.9925842285156
0.19365425407886505,450.0928955078125
0.1940162181854248,433.2776184082031
0.19588707387447357,423.8417053222656
0.20466120541095734,408.7488708496094
0.205191507935524,431.23260498046875
0.22233369946479797,426.27484130859375
0.1711682677268982,424.8088073730469
0.19415096938610077,432.4547424316406
0.1929457187652588,419.2714538574219
0.1999531239271164,435.5260009765625
0.14517469704151154,384.8357849121094
0.1676696538925171,418.1630554199219
0.20770835876464844,431.9920654296875
0.2008746862411499,445.2035217285156
0.22275970876216888,436.645263671875
0.19474372267723083,449.3502197265625
0.16820184886455536,426.5547180175781
0.1702011525630951,418.6142272949219
0.18004976212978363,432.38134765625
0.23836667835712433,429.2757873535156
0.23291225731372833,434.6669616699219
0.5768275260925293,537.9698486328125
0.20268160104751587,429.7519226074219
0.2158477008342743,408.3948669433594
0.15121562778949738,418.3071594238281
0.14700566232204437,426.033203125
0.23858746886253357,442.0434875488281
0.19743436574935913,428.8005676269531
0.2177460938692093,424.50628662109375
0.17213472723960876,428.3965759277344
0.2114889770746231,435.5992126464844
0.20214515924453735,439.6316833496094
0.37520724534988403,426.83770751953125
0.1923370510339737,418.5254211425781
0.2242843359708786,431.61285400390625
0.22109748423099518,417.1350402832031
0.2489800602197647,456.7745361328125
0.21458099782466888,441.9938659667969
0.2684636116027832,420.9305419921875
0.20864562690258026,407.3519592285156
0.29848983883857727,436.04541015625
0.2563347816467285,424.0228271484375
0.23531019687652588,422.61358642578125
0.06574487686157227,426.4996643066406
0.17410734295845032,424.5815124511719
0.16534163057804108,433.84942626953125
0.18469354510307312,435.3141784667969
0.20925581455230713,446.9441833496094
0.2357959896326065,419.24652099609375
0.20665955543518066,429.8122863769531
0.16113989055156708,416.38311767578125
0.1704246699810028,418.64373779296875
0.187880277633667,431.6006164550781
0.15355083346366882,437.5030822753906
0.06210813671350479,363.80780029296875
0.1782030165195465,417.8068542480469
0.2122783064842224,446.0403137207031
0.1708298623561859,398.6850280761719
0.16485273838043213,420.2933044433594
0.1765291839838028,434.08038330078125
0.18109308183193207,440.9355773925781
0.1918368637561798,433.1026916503906
0.2105623185634613,427.41796875
0.15210768580436707,413.18133544921875
0.2110489308834076,439.9670715332031
0.13409508764743805,423.61407470703125
0.18587572872638702,402.2778625488281
0.16133712232112885,425.3354187011719
0.24111612141132355,433.0330810546875
0.17034503817558289,425.8221740722656
0.19860592484474182,440.8432312011719
0.22849558293819427,433.4065856933594
0.2503967583179474,435.2474060058594
0.20325319468975067,420.60498046875
0.18418443202972412,428.30694580078125
0.1531655192375183,426.9801940917969
0.1970079243183136,401.5863952636719
0.20575958490371704,412.8313903808594
0.18080386519432068,416.4910888671875
0.19148364663124084,423.5469665527344
0.18961596488952637,428.5318603515625
0.17684173583984375,428.0574645996094
0.16244639456272125,423.1171875
0.21454817056655884,432.43768310546875
0.24655242264270782,430.248779296875
0.17961129546165466,419.15350341796875
0.17772792279720306,431.5989990234375
0.06259910017251968,400.23870849609375
0.163186714053154,419.44281005859375
0.2214071899652481,426.2021789550781
0.20281244814395905,427.14617919921875
0.15339313447475433,422.3223571777344
0.19859912991523743,431.0466003417969
0.18156133592128754,426.69287109375
0.22985389828681946,441.1773986816406
0.16653725504875183,415.4413757324219
0.15838216245174408,429.6562805175781
0.17108750343322754,423.80938720703125
0.12596085667610168,378.24090576171875
0.2248760610818863,414.4668884277344
0.19113172590732574,413.89794921875
0.2286999225616455,437.6227722167969
0.19079715013504028,432.3328857421875
0.17808623611927032,425.44189453125
0.16663959622383118,405.72894287109375
0.2056419402360916,432.1259460449219
0.24911774694919586,449.7051696777344
0.20285937190055847,437.16241455078125
0.1652686893939972,423.5281982421875
0.16926109790802002,486.129638671875
0.2199394404888153,410.8902282714844
0.2364634871482849,420.71502685546875
0.20824922621250153,437.360107421875
0.26854774355888367,439.8066711425781
0.1413729041814804,418.47021484375
0.21733178198337555,428.83551025390625
0.1999969482421875,439.3457946777344
0.1281692236661911,425.6833190917969
0.16549214720726013,396.177001953125
0.16447913646697998,414.5537414550781
0.04078962281346321,450.64459228515625
0.15285621583461761,407.2239074707031
0.17047224938869476,430.6481018066406
0.13706693053245544,421.46380615234375
0.1848028004169464,436.87744140625
0.15918010473251343,416.74896240234375
0.15317921340465546,400.93731689453125
0.12912745773792267,431.479248046875
0.2167624831199646,445.2918395996094
0.16338521242141724,433.05621337890625
0.19577638804912567,440.30108642578125
0.29825401306152344,441.33575439453125
0.16046056151390076,421.1436767578125
0.1867985874414444,435.73187255859375
0.22786229848861694,430.25823974609375
0.2153422236442566,439.1163330078125
0.2426820993423462,415.49298095703125
0.20747722685337067,428.028564453125
0.182480126619339,426.04522705078125
0.16591285169124603,408.0979309082031
0.24120138585567474,430.6125793457031
0.19093208014965057,424.89739990234375
0.20302625000476837,492.3236389160156
0.1999983936548233,411.2828674316406
0.20877350866794586,420.747314453125
0.2518153190612793,430.9801330566406
0.21979039907455444,432.5602722167969
0.20816637575626373,439.2141418457031
0.17639364302158356,415.9587097167969
0.20661227405071259,405.4560241699219
0.2217567265033722,441.7384948730469
0.20280992984771729,412.5733642578125
0.2340029776096344,432.3708190917969
0.05272866412997246,520.9425048828125
0.21507945656776428,424.90966796875
0.2075062245130539,417.8626708984375
0.12253809720277786,424.8092956542969
0.17094320058822632,427.90081787109375
0.19210845232009888,416.6319580078125
0.20221836864948273,420.1033020019531
0.2446911334991455,451.15155029296875
0.21011683344841003,433.7529602050781
0.16846027970314026,406.9795227050781
0.1767805516719818,419.6695251464844
0.188863143324852,457.13104248046875
0.16097469627857208,421.34423828125
0.16595670580863953,423.2597961425781
0.19616612792015076,429.64691162109375
0.22148317098617554,443.8767395019531
0.1773439347743988,428.969970703125
0.16871275007724762,429.09808349609375
0.15263260900974274,418.4972229003906
0.14500024914741516,426.7109375
0.11973436176776886,411.7716064453125
0.1828407496213913,421.4533996582031
0.24687662720680237,455.15997314453125
0.1535533219575882,428.279296875
0.15935392677783966,420.53619384765625
0.14360053837299347,412.3352966308594
0.16891980171203613,421.7518615722656
0.19175021350383759,435.3612060546875
0.23015236854553223,427.6336364746094
0.1684987097978592,421.5232238769531
0.1932634562253952,438.86956787109375
0.17408841848373413,427.44781494140625
0.227608323097229,426.944091796875
0.19214561581611633,456.15850830078125
0.20898602902889252,444.6825866699219
0.1930096298456192,429.7250061035156
0.1878652721643448,424.53680419921875
0.16996166110038757,420.64019775390625
0.21893762052059174,435.5319519042969
0.21157340705394745,420.07391357421875
0.2263968139886856,414.9904479980469
0.1823873668909073,431.2057800292969
0.22977536916732788,423.23974609375
0.1957341879606247,427.9891357421875
0.3536067306995392,431.9613342285156
0.23214107751846313,419.85382080078125
0.23831431567668915,446.65704345703125
0.16524212062358856,419.37890625
0.17572897672653198,421.9587707519531
0.1643988937139511,425.34619140625
0.17060381174087524,424.58087158203125
0.17190106213092804,431.68316650390625
0.13750547170639038,422.0158996582031
0.19108039140701294,431.27734375
0.13184373080730438,422.7734680175781
0.11202416568994522,361.5347595214844
0.15042535960674286,422.6597595214844
0.16096241772174835,422.0803527832031
0.14191867411136627,418.6871643066406
0.20329581201076508,435.17535400390625
0.22541473805904388,445.3528747558594
0.20118235051631927,414.0455627441406
0.19010978937149048,413.4093017578125
0.25582244992256165,431.1967468261719
0.24910014867782593,430.3758544921875
0.1854078322649002,418.2933044433594
0.11448999494314194,416.1551208496094
0.2358831763267517,422.62469482421875
0.20655575394630432,426.90802001953125
0.2137490212917328,423.4174499511719
0.16462381184101105,424.250732421875
0.2140480875968933,442.9070739746094
0.18039777874946594,423.64312744140625
0.15246915817260742,415.1504211425781
0.1638328582048416,437.1059875488281
0.17496323585510254,433.69586181640625
0.19509226083755493,409.2776184082031
0.11177976429462433,390.6301574707031
0.2260971963405609,433.5277404785156
0.1964903026819229,420.2868957519531
0.2377813309431076,454.3987731933594
0.15436141192913055,417.19049072265625
0.18550486862659454,432.09130859375
0.19843414425849915,422.9857177734375
0.16656367480754852,429.4287414550781
0.1467430144548416,411.5673522949219
0.21734629571437836,425.4418029785156
0.203279048204422,425.5517883300781
0.293473482131958,489.5596618652344
0.23670253157615662,430.87603759765625
0.2109975665807724,432.8227844238281
0.23644794523715973,441.4560241699219
0.1796824336051941,434.78546142578125
0.1873733103275299,432.50439453125
0.2527015805244446,424.5731201171875
0.24003702402114868,424.9747009277344
0.23451003432273865,412.1086730957031
0.24124397337436676,423.22674560546875
0.2384946197271347,415.44219970703125
0.13593129813671112,431.2770080566406
0.20970284938812256,443.7276611328125
0.22681431472301483,435.68890380859375
0.15212084352970123,414.24560546875
0.16568706929683685,435.3399353027344
0.16009344160556793,424.57537841796875
0.1385403275489807,439.0965270996094
0.2067221999168396,430.54742431640625
0.1457504779100418,434.450439453125
0.1816580891609192,413.14141845703125
0.22490179538726807,450.69183349609375
0.03956028074026108,409.8081970214844
0.21898701786994934,415.68902587890625
0.20706979930400848,408.45623779296875
0.17123311758041382,428.59619140625
0.22794361412525177,439.85833740234375
0.2512534558773041,447.9389343261719
0.23214592039585114,430.15252685546875
0.14468500018119812,405.83984375
0.2755102515220642,441.0426330566406
0.18508733808994293,421.51617431640625
0.17578424513339996,433.0098571777344
0.08302425593137741,367.8585510253906
0.15081065893173218,445.5552062988281
0.21822327375411987,417.2486877441406
0.2742156684398651,434.1142272949219
0.22037039697170258,418.5607604980469
0.23580949008464813,413.42034912109375
0.2149188220500946,422.47216796875
0.1885814219713211,422.22607421875
0.1916332095861435,417.66644287109375
0.20258542895317078,429.22216796875
0.2434990406036377,442.920654296875
0.4270388185977936,460.7603454589844
0.2017533779144287,420.8372497558594
0.18390022218227386,421.95135498046875
0.2441360205411911,419.4992980957031
0.15843671560287476,399.9243469238281
0.27129262685775757,431.82781982421875
0.2918485105037689,431.3261413574219
0.2357657104730606,422.54241943359375
0.23215951025485992,425.87188720703125
0.16638872027397156,423.08514404296875
0.20173002779483795,422.6506042480469
0.2316247671842575,441.9820861816406
0.1829075962305069,418.35302734375
0.23165008425712585,422.0113830566406
0.15037743747234344,411.94879150390625
0.16079607605934143,415.5221252441406
0.19926482439041138,441.81793212890625
0.21508900821208954,433.0718688964844
0.15772190690040588,419.9521179199219
0.1461455523967743,403.3379821777344
0.19998237490653992,436.68853759765625
0.16771936416625977,422.5645446777344
0.07273834943771362,436.31170654296875
0.14551571011543274,428.28045654296875
0.11951961368322372,424.0633544921875
0.15373480319976807,441.4049072265625
0.17251963913440704,421.98291015625
0.14932020008563995,425.2188720703125
0.1567053198814392,419.5834655761719
0.16611348092556,413.291015625
0.13536112010478973,404.7187805175781
0.19152000546455383,427.88720703125
0.16709448397159576,439.3514404296875
0.11404198408126831,421.4638671875
0.18486493825912476,426.92303466796875
0.19767756760120392,439.78948974609375
0.20522035658359528,427.8444519042969
0.19666385650634766,430.0113830566406
0.2099069356918335,424.4755554199219
0.14101247489452362,432.0799560546875
0.17971979081630707,427.3157653808594
0.19243626296520233,420.26312255859375
0.18327468633651733,423.2595520019531
0.22264885902404785,408.6108093261719
0.1810486763715744,390.5489196777344
0.2224685698747635,418.26904296875
0.19131970405578613,420.3174133300781
0.19826626777648926,407.830078125
0.15735013782978058,427.6269226074219
0.17417605221271515,418.3578186035156
0.1458202302455902,413.216064453125
0.15404413640499115,419.516845703125
0.17275488376617432,434.1853332519531
0.16291390359401703,429.40234375
0.14077000319957733,429.9892883300781
0.14138932526111603,445.991455078125
0.16251803934574127,429.9342956542969
0.16806915402412415,433.2428894042969
0.1121048852801323,422.6110534667969
0.16332030296325684,436.05047607421875
0.15051916241645813,421.57562255859375
0.17788712680339813,423.5361022949219
0.1476551741361618,419.49560546875
0.19074837863445282,431.72998046875
0.1891849935054779,423.58154296875
0.11720185726881027,418.9470520019531
0.039488352835178375,444.1484375
0.17917799949645996,421.8101501464844
0.21084751188755035,431.7840576171875
0.2152406871318817,435.8768615722656
0.20422640442848206,424.67535400390625
0.18536482751369476,395.5765686035156
0.18009285628795624,422.2432861328125
0.18826229870319366,422.22100830078125
0.22669042646884918,422.1716003417969
0.2048836350440979,431.6969909667969
0.2051108479499817,420.9520263671875
0.48488932847976685,490.5750427246094
0.17845100164413452,408.43310546875
0.26270219683647156,423.9988708496094
0.2905839681625366,410.5212707519531
0.21261487901210785,409.6050720214844
0.2721562683582306,425.1622009277344
0.2517518401145935,435.61041259765625
0.2996765971183777,425.66375732421875
0.23175646364688873,419.9272155761719
0.26489847898483276,424.8682861328125
0.27944090962409973,438.9305114746094
0.13762186467647552,462.3877868652344
0.23220615088939667,422.09765625
0.22901473939418793,416.2725830078125
0.20332998037338257,410.754638671875
0.20054925978183746,405.7411804199219
0.1852284073829651,421.3885803222656
0.17457278072834015,424.4338073730469
0.21816453337669373,421.4844665527344
0.20806609094142914,425.6091613769531
0.2235291302204132,437.5053405761719
0.2569536864757538,427.90374755859375
0.057375650852918625,399.7897644042969
0.14391791820526123,401.8033752441406
0.19562621414661407,429.7019958496094
0.20178617537021637,438.51654052734375
0.20008142292499542,427.42108154296875
0.2582046389579773,443.3183288574219
0.1994798630475998,433.93841552734375
0.2676311433315277,421.32989501953125
0.196025550365448,418.9134521484375
0.16483935713768005,400.7352294921875
0.23954910039901733,416.4823913574219
0.17462104558944702,378.1029052734375
0.2435241937637329,424.5984802246094
0.2900514304637909,433.9065856933594
0.2069840282201767,425.20458984375
0.14754000306129456,415.6848449707031
0.1730232685804367,414.8817138671875
0.2724978029727936,423.465576171875
0.18655246496200562,420.29736328125
0.20426936447620392,407.19696044921875
0.22245727479457855,436.3750915527344
0.15173102915287018,409.242919921875
0.31040602922439575,418.57086181640625
0.18244697153568268,405.2443542480469
0.2117779403924942,414.36859130859375
0.1913633495569229,424.04443359375
0.2020220160484314,425.8444519042969
0.24180912971496582,425.9089050292969
0.24994654953479767,426.6636657714844
0.1864267736673355,409.73590087890625
0.20982331037521362,417.72900390625
0.267488956451416,430.0711669921875
0.20078341662883759,415.5123291015625
0.20009848475456238,452.17486572265625
0.236418217420578,425.90264892578125
0.26971057057380676,417.86370849609375
0.20033298432826996,412.1040344238281
0.2043725550174713,409.01202392578125
0.2226540744304657,417.5617980957031
0.23900896310806274,435.1315612792969
0.22202105820178986,439.4488220214844
0.18863064050674438,415.2782897949219
0.17250663042068481,408.599609375
0.22188568115234375,427.8703918457031
0.15945884585380554,441.4381408691406
0.22595064342021942,430.57513427734375
0.19996361434459686,419.490234375
0.20087948441505432,426.01580810546875
0.1968812346458435,434.3639221191406
0.2530193328857422,427.5151062011719
0.2577199637889862,432.5150146484375
0.28022512793540955,411.52056884765625
0.1937812864780426,397.27386474609375
0.21817602217197418,423.147705078125
0.18194137513637543,407.7148742675781
0.2300354540348053,451.17364501953125
0.21528348326683044,438.651611328125
0.21057845652103424,415.3260803222656
0.17652250826358795,425.0946044921875
0.21011856198310852,431.74969482421875
0.1862274408340454,401.6806335449219
0.2396702617406845,437.8621520996094
0.18749743700027466,422.91455078125
0.21852277219295502,421.5110168457031
0.18304888904094696,413.3034362792969
0.19603031873703003,404.02093505859375
0.29321804642677307,423.39813232421875
0.19310307502746582,405.8790283203125
0.22702190279960632,432.9398498535156
0.1957542598247528,414.0367736816406
0.29418322443962097,440.00250244140625
0.20451927185058594,415.12335205078125
0.25683316588401794,425.1501159667969
0.23195797204971313,423.19122314453125
0.23105376958847046,425.5176696777344
0.14450794458389282,413.1536560058594
0.18240326642990112,418.5816345214844
0.13004259765148163,393.27783203125
0.20004001259803772,420.4808044433594
0.2564469277858734,415.0101623535156
0.25042641162872314,422.4638366699219
0.16602206230163574,413.6768798828125
0.2187505066394806,406.2884521484375
0.19020430743694305,422.3400573730469
0.17743965983390808,434.0397033691406
0.24419157207012177,426.12738037109375
0.20164945721626282,412.4690856933594
0.31974440813064575,430.6693115234375
0.06871870905160904,357.75201416015625
0.22027450799942017,432.6208801269531
0.1673147827386856,401.2698059082031
0.2595283091068268,419.4568176269531
0.18340390920639038,410.9269104003906
0.2129976749420166,426.51116943359375
0.21002061665058136,416.739501953125
0.25322654843330383,423.31396484375
0.24437858164310455,429.4996643066406
0.24742931127548218,432.302001953125
0.17044179141521454,410.44818115234375
0.5370625257492065,417.21112060546875
0.22727550566196442,421.19024658203125
0.18870680034160614,421.5848083496094
0.23152412474155426,423.4862365722656
0.23258967697620392,420.8707580566406
0.21472866833209991,416.2591247558594
0.2288539856672287,412.5002746582031
0.18056102097034454,413.0099792480469
0.22721019387245178,427.2460021972656
0.246750146150589,422.41119384765625
0.2310858815908432,425.21124267578125
0.18825450539588928,423.325439453125
0.18676811456680298,398.8401794433594
0.22327545285224915,417.2663269042969
0.22354520857334137,419.4501647949219
0.2339533269405365,423.0559387207031
0.17439548671245575,405.528564453125
0.1838942915201187,421.71905517578125
0.21869498491287231,432.6451416015625
0.178688183426857,419.8162841796875
0.1645655781030655,429.41326904296875
0.17915970087051392,420.59259033203125
0.06325545161962509,365.2515563964844
0.16301235556602478,414.7203674316406
0.18513208627700806,428.3561096191406
0.22425109148025513,424.7203063964844
0.18763583898544312,400.08984375
0.21475626528263092,418.46929931640625
0.3451622724533081,434.9674072265625
0.22003358602523804,398.7851867675781
0.24429048597812653,422.5370178222656
0.2697535753250122,433.15966796875
0.21828725934028625,415.44024658203125
0.2209126502275467,418.20147705078125
0.19028112292289734,404.41070556640625
0.2294314205646515,437.05712890625
0.2293103039264679,411.3808288574219
0.22938892245292664,436.630126953125
0.15411674976348877,415.2338562011719
0.24556337296962738,397.06170654296875
0.24957683682441711,414.2165222167969
0.24353840947151184,426.7218017578125
0.21300086379051208,401.7727966308594
0.25437042117118835,429.51336669921875
0.13415154814720154,411.25115966796875
0.18416324257850647,424.13140869140625
0.19193457067012787,416.4595947265625
0.19594931602478027,411.0058898925781
0.16569223999977112,403.26934814453125
0.24197283387184143,435.9369812011719
0.15113462507724762,427.98193359375
0.20768456161022186,429.8040466308594
0.22360646724700928,419.2978820800781
0.2069287896156311,398.7450866699219
0.25628674030303955,419.7218017578125
0.2000281810760498,376.5912170410156
0.1831342726945877,424.4314270019531
0.22126619517803192,418.34869384765625
0.2040664404630661,425.874267578125
0.26132652163505554,414.3684387207031
0.24168415367603302,415.5231628417969
0.2525801360607147,432.34979248046875
0.2337881326675415,423.77764892578125
0.23646511137485504,424.4443054199219
0.26583218574523926,404.2889709472656
0.27080950140953064,400.129638671875
0.11760139465332031,427.03076171875
0.2863650321960449,415.8301086425781
0.3155270218849182,418.1950378417969
0.24333180487155914,402.9346008300781
0.27069249749183655,432.0190124511719
0.3178359568119049,410.06268310546875
0.31486645340919495,410.109375
0.22598707675933838,411.3889465332031
0.20979957282543182,415.8618469238281
0.23480740189552307,413.0563659667969
0.18659411370754242,402.8177185058594
0.2103228121995926,444.0179138183594
0.21955706179141998,407.1498718261719
0.1987917572259903,409.93914794921875
0.24966008961200714,394.2497253417969
0.18647068738937378,438.63653564453125
0.19429759681224823,422.8948669433594
0.16922831535339355,441.2127990722656
0.17855502665042877,413.8104248046875
0.170337975025177,416.5030822753906
0.23755177855491638,417.5813293457031
0.1929931789636612,406.8716125488281
0.2560129761695862,416.8609313964844
0.2551245093345642,426.25872802734375
0.14325615763664246,409.85174560546875
0.2660633623600006,424.7018737792969
0.27461710572242737,426.6523132324219
0.22993971407413483,411.3551940917969
0.23740340769290924,419.6845397949219
0.2914103865623474,428.5937805175781
0.2748931646347046,415.7245788574219
0.2355053573846817,393.1805114746094
0.26786482334136963,397.36419677734375
0.1974363774061203,369.5462951660156
0.27767738699913025,429.40374755859375
0.23461094498634338,402.72479248046875
0.2681674361228943,429.3602294921875
0.28863197565078735,408.11553955078125
0.225688636302948,411.600341796875
0.2182188183069229,415.22698974609375
0.236436128616333,417.9450988769531
0.2141149491071701,410.3636779785156
0.1846722513437271,407.98077392578125
0.2531556189060211,422.8585510253906
0.08861628919839859,402.2479553222656
0.2763194441795349,432.1831970214844
0.25737839937210083,423.9572448730469
0.19348908960819244,413.5470886230469
0.18884550034999847,411.337158203125
0.2474767416715622,423.5065612792969
0.19079917669296265,405.0675048828125
0.2023264765739441,432.9069519042969
0.22454196214675903,401.20068359375
0.21290132403373718,415.4578552246094
0.2366204857826233,409.34033203125
0.2677615284919739,450.64581298828125
0.20304086804389954,400.2159729003906
0.2645227611064911,414.2483215332031
0.2769263982772827,411.1862487792969
0.20154514908790588,409.90020751953125
0.3479096293449402,425.87872314453125
0.307070255279541,425.9737854003906
0.319997638463974,414.9119873046875
0.2690142095088959,418.1898498535156
0.3196004331111908,414.8860168457031
0.2350684255361557,421.057373046875
0.2856959402561188,417.62530517578125
0.28717076778411865,420.1664123535156
0.28048175573349,406.6197814941406
0.31139832735061646,411.8254699707031
0.25665050745010376,426.23388671875
0.2556071877479553,420.05615234375
0.27421683073043823,409.6809997558594
0.19159558415412903,395.3418884277344
0.2259027063846588,410.8986511230469
0.25564461946487427,415.4450378417969
0.20594817399978638,410.6358642578125
0.39801907539367676,364.307373046875
0.24745972454547882,410.31549072265625
0.22484749555587769,407.43377685546875
0.24519598484039307,412.7067565917969
0.2607041597366333,410.0569763183594
0.23008261620998383,436.39703369140625
0.1880350559949875,403.4936218261719
0.19084061682224274,415.83367919921875
0.18947833776474,413.444091796875
0.1843721866607666,424.3877258300781
0.2644351124763489,418.21875
0.10215636342763901,408.80084228515625
0.22565820813179016,436.76593017578125
0.22806943953037262,410.1325378417969
0.24216590821743011,419.6346740722656
0.19275428354740143,422.6232604980469
0.2853613793849945,404.60955810546875
0.3553559482097626,425.8557434082031
0.2401328831911087,395.71929931640625
0.2505122423171997,422.6124267578125
0.23888874053955078,399.1693115234375
0.3571157157421112,405.5917663574219
0.12825825810432434,441.953369140625
0.28280478715896606,415.3497009277344
0.2559186816215515,410.3099365234375
0.32588106393814087,413.2969970703125
0.30561524629592896,403.8424377441406
0.22997894883155823,418.2347717285156
0.30537572503089905,430.7187194824219
0.2174348384141922,408.1581726074219
0.26061418652534485,420.5151062011719
0.26022499799728394,404.38671875
0.24870836734771729,401.8664855957031
0.05671365186572075,413.5409240722656
0.23528364300727844,406.4583740234375
0.2561848759651184,397.9096374511719
0.2435881793498993,413.5813903808594
0.23821012675762177,392.9132080078125
0.29098227620124817,423.82952880859375
0.2877989113330841,402.0342102050781
0.2672722637653351,419.4205322265625
0.22224396467208862,404.9309997558594
0.26746666431427,407.7811584472656
0.3230801820755005,437.18072509765625
0.3286135494709015,481.66290283203125
0.2790150046348572,427.1791687011719
0.3186861574649811,404.5804138183594
0.26121383905410767,431.3534240722656
0.28146475553512573,398.4224853515625
0.22116364538669586,423.45458984375
0.3129119277000427,414.57501220703125
0.28316253423690796,405.74371337890625
0.22291941940784454,393.0592956542969
0.3264331519603729,412.5712585449219
0.27221155166625977,410.0911560058594
0.1972213238477707,443.6092224121094
0.26824232935905457,406.8507080078125
0.27455341815948486,414.50811767578125
0.27916401624679565,414.99468994140625
0.2660825848579407,394.54400634765625
0.32048535346984863,414.61962890625
0.2779785692691803,423.79083251953125
0.3360573351383209,409.9626770019531
0.18360558152198792,404.6946716308594
0.25133341550827026,426.0335388183594
0.25023946166038513,410.6842956542969
0.27113524079322815,534.3637084960938
0.26430463790893555,403.9879455566406
0.24366824328899384,420.93011474609375
0.19446618854999542,424.5055236816406
0.24359598755836487,413.77362060546875
0.364767462015152,419.53350830078125
0.27222052216529846,408.99554443359375
0.2848736047744751,419.87640380859375
0.2786671817302704,408.8038330078125
0.25296497344970703,415.509033203125
0.3108151853084564,409.77679443359375
0.3201715052127838,452.77508544921875
0.3143029808998108,424.20758056640625
0.2920970916748047,412.04156494140625
0.319443017244339,405.47174072265625
0.32570016384124756,414.89227294921875
0.3035147488117218,409.8360595703125
0.246633842587471,395.14801025390625
0.24716345965862274,389.4203186035156
0.40447261929512024,412.0687561035156
0.2863982021808624,421.2561340332031
0.29415544867515564,430.2142333984375
0.34066376090049744,422.8330078125
0.3135572075843811,412.2245788574219
0.28531694412231445,402.29901123046875
0.21648968756198883,399.307861328125
0.21549424529075623,410.92169189453125
0.20393875241279602,426.2667236328125
0.2527564465999603,411.4835510253906
0.26404428482055664,406.6426086425781
0.18488618731498718,405.71844482421875
0.2202760875225067,427.2307434082031
0.27585217356681824,427.7319030761719
0.29909437894821167,502.530029296875
0.3060886561870575,414.11474609375
0.2152201384305954,412.29974365234375
0.31611335277557373,396.5325927734375
0.3655705451965332,423.64208984375
0.3685862123966217,419.0625305175781
0.3713151216506958,414.37457275390625
0.35406696796417236,397.78289794921875
0.3612484335899353,414.1177978515625
0.37606513500213623,414.7817687988281
0.3317844569683075,424.39093017578125
0.27438026666641235,400.8080139160156
0.2660171091556549,394.25152587890625
0.31740108132362366,400.10137939453125
0.31953030824661255,415.6797180175781
0.24709224700927734,422.498779296875
0.23028810322284698,419.83111572265625
0.27723535895347595,413.0722961425781
0.21806801855564117,400.02056884765625
0.2975996136665344,416.510498046875
0.2963177561759949,425.4696960449219
0.19410856068134308,426.923095703125
0.3033192753791809,402.51837158203125
0.24754485487937927,408.8770446777344
0.21932652592658997,412.2988586425781
0.22491002082824707,381.2113342285156
0.28773078322410583,405.1771240234375
0.3666311502456665,423.5448913574219
0.2601204216480255,421.5091247558594
0.3474070131778717,409.23486328125
0.34299030900001526,430.544189453125
0.284684956073761,403.3185729980469
0.2694436311721802,429.15606689453125
0.28831133246421814,417.4150390625
0.21242734789848328,419.8477478027344
0.2957582473754883,406.34454345703125
0.30816102027893066,389.8615417480469
0.3415859341621399,423.7635803222656
0.30270516872406006,411.21014404296875
0.29738950729370117,407.5063781738281
0.288639098405838,395.052734375
0.3071303069591522,397.2934875488281
0.22503511607646942,419.9110107421875
0.2994690239429474,419.2669372558594
0.1379273384809494,436.5621643066406
0.25008219480514526,409.58428955078125
0.273486465215683,431.6781311035156
0.2842417359352112,406.3935852050781
0.26162832975387573,411.70465087890625
0.24166187644004822,421.7330627441406
0.31751424074172974,402.8096923828125
0.38943037390708923,410.2194519042969
0.18873721361160278,413.8600158691406
0.2890566885471344,419.0877685546875
0.24832139909267426,403.2987060546875
0.2521829307079315,477.7550354003906
0.24634575843811035,410.02581787109375
0.3128066658973694,429.1746826171875
0.23400472104549408,410.3321228027344
0.30701151490211487,417.5795593261719
0.3336099088191986,422.34259033203125
0.35869941115379333,392.09674072265625
0.26608750224113464,395.42498779296875
0.410048246383667,398.5471496582031
0.32998061180114746,400.1888122558594
0.41523152589797974,411.03155517578125
0.16111063957214355,393.1905822753906
0.24193795025348663,398.17303466796875
0.2924114167690277,408.1203918457031
0.303819477558136,415.8901062011719
0.28841981291770935,415.61688232421875
0.22812321782112122,404.45465087890625
0.27137497067451477,414.2821960449219
0.26344895362854004,423.667236328125
0.25285255908966064,414.29644775390625
0.21585987508296967,413.889404296875
0.2544403672218323,420.2684020996094
0.0878172218799591,355.2476501464844
0.20053592324256897,400.9551086425781
0.24268676340579987,396.3191833496094
0.21523301303386688,408.16448974609375
0.2508796155452728,417.5470886230469
0.20537562668323517,425.1160583496094
0.2775094211101532,424.2453918457031
0.2793959975242615,429.67681884765625
0.24764887988567352,413.5332336425781
0.3993324637413025,424.9610290527344
0.24769486486911774,396.0397644042969
0.08380229771137238,437.60064697265625
0.34604528546333313,412.24456787109375
0.31728872656822205,407.6750793457031
0.34133797883987427,402.8506164550781
0.2199438363313675,395.9727783203125
0.2967239022254944,412.69451904296875
0.2709767520427704,402.7708435058594
0.2513575553894043,408.6591491699219
0.36766642332077026,419.98358154296875
0.30854448676109314,399.45733642578125
0.3403288722038269,417.4059143066406
0.1324121057987213,448.952880859375
0.2699247896671295,410.4366760253906
0.4022681713104248,414.432373046875
0.24141265451908112,413.8669128417969
0.30622532963752747,410.56927490234375
0.26172560453414917,430.8538513183594
0.21126407384872437,402.9872741699219
0.25936588644981384,400.9859924316406
0.2584172785282135,408.46856689453125
0.3471713066101074,400.002685546875
0.29323166608810425,406.98529052734375
0.2666105628013611,406.50872802734375
0.23193079233169556,420.251953125
0.29275980591773987,409.4447021484375
0.2838650345802307,409.3082580566406
0.3117193579673767,424.8493347167969
0.28437110781669617,411.6585998535156
0.22832633554935455,399.9297790527344
0.27313584089279175,406.92340087890625
0.32085326313972473,417.7895812988281
0.3091585338115692,415.2893371582031
0.3561704754829407,406.3307189941406
0.30864617228507996,380.96051025390625
0.32651883363723755,417.9065246582031
0.2265726774930954,396.5194396972656
0.33012351393699646,422.8492736816406
0.22445735335350037,407.9371643066406
0.30217552185058594,404.47674560546875
0.25020650029182434,401.5311584472656
0.30151671171188354,430.6594543457031
0.2874416708946228,406.07659912109375
0.2322128266096115,385.44580078125
0.31346428394317627,427.16094970703125
0.11268003284931183,393.2623596191406
0.23455560207366943,421.9662780761719
0.2947123348712921,417.57379150390625
0.25556978583335876,407.0315246582031
0.24163764715194702,396.0997009277344
0.23500606417655945,417.49981689453125
0.23933929204940796,390.3334655761719
0.29650306701660156,416.2312927246094
0.3116282522678375,419.2055969238281
0.25509878993034363,402.12994384765625
0.30612343549728394,414.0683898925781
0.06992022693157196,392.0552673339844
0.24319835007190704,428.80078125
0.3193637728691101,399.4846496582031
0.2945372760295868,413.3560791015625
0.3573680818080902,421.8576354980469
0.26902568340301514,395.03515625
0.2917730212211609,405.8553771972656
0.2740684449672699,414.4000549316406
0.32977941632270813,411.29266357421875
0.3833063244819641,411.4975280761719
0.32202282547950745,402.35858154296875
0.4475557208061218,442.52032470703125
0.4173286557197571,410.90374755859375
0.26863592863082886,410.53668212890625
0.28047120571136475,413.6822509765625
0.2576587498188019,413.4931335449219
0.2814232409000397,408.03851318359375
0.2878529727458954,418.6581726074219
0.2514674663543701,406.5711364746094
0.23604974150657654,409.3592834472656
0.24708576500415802,416.7945251464844
0.28035768866539,406.89739990234375
0.2701799273490906,414.0062561035156
0.2780996859073639,411.139404296875
0.283372163772583,423.18316650390625
0.18413138389587402,412.82171630859375
0.33608806133270264,411.8525695800781
0.21849842369556427,415.9473571777344
0.2234204113483429,407.1816101074219
0.30866730213165283,400.5934753417969
0.305775910615921,411.21875
0.2588842809200287,392.4901428222656
0.2305985540151596,413.7976989746094
0.4339963495731354,475.5450134277344
0.3634667992591858,408.2923583984375
0.24876144528388977,397.6133728027344
0.2444692999124527,386.3059997558594
0.33939704298973083,422.6900939941406
0.23556707799434662,417.6800231933594
0.2730400860309601,420.4518127441406
0.3272078335285187,408.9698486328125
0.252077579498291,419.18121337890625
0.23301726579666138,396.938720703125
0.2598283290863037,416.498779296875
0.3701799809932709,493.20843505859375
0.3271828889846802,406.1670227050781
0.3123910129070282,409.19036865234375
0.24847166240215302,409.00408935546875
0.2957115173339844,408.40478515625
0.3254058063030243,396.2630310058594
0.2444877028465271,425.9464111328125
0.2936852276325226,402.2553405761719
0.24456535279750824,417.3800048828125
0.312946617603302,417.001953125
0.2542581856250763,424.5249938964844
0.46110591292381287,408.30792236328125
0.3033754527568817,421.16796875
0.22313816845417023,400.2896728515625
0.3526037037372589,410.6532897949219
0.25978884100914,417.99298095703125
0.25291526317596436,400.49639892578125
0.2547864615917206,394.84613037109375
0.2430623322725296,411.49652099609375
0.3607814311981201,413.17022705078125
0.3345366418361664,413.44677734375
0.30516600608825684,410.0790710449219
0.2858275771141052,359.1551818847656
0.26276588439941406,394.6834716796875
0.28304046392440796,416.567138671875
0.2648835778236389,421.762939453125
0.2780357897281647,410.4615478515625
0.3395691514015198,413.4620361328125
0.2635246515274048,402.5396728515625
0.24352510273456573,426.7337341308594
0.27605098485946655,416.1463928222656
0.18134284019470215,389.4168395996094
0.2310965210199356,405.38372802734375
0.3906291425228119,425.4058532714844
0.2555186152458191,407.5208740234375
0.2521893382072449,428.78948974609375
0.23794831335544586,414.3779602050781
0.2646697163581848,412.3773498535156
0.2453996241092682,405.4111633300781
0.3670054078102112,417.3523864746094
0.30840131640434265,412.1513366699219
0.2368139922618866,390.56427001953125
0.3418015241622925,410.53179931640625
0.3010653853416443,408.2575988769531
0.7440541982650757,420.9142150878906
0.23622778058052063,407.7180480957031
0.3342369794845581,410.32403564453125
0.3075987994670868,400.20684814453125
0.3978404104709625,422.545654296875
0.2934819459915161,421.0312194824219
0.25370126962661743,406.7666320800781
0.31072357296943665,398.0391540527344
0.3239705562591553,395.9768981933594
0.21278099715709686,391.3418273925781
0.23527267575263977,412.5810852050781
0.27391085028648376,386.93438720703125
0.25048092007637024,406.2229919433594
0.2511933743953705,393.1192626953125
0.25241619348526,428.3175048828125
0.24680635333061218,405.9942626953125
0.22202269732952118,414.9440002441406
0.23858828842639923,400.43719482421875
0.2650257349014282,421.3236999511719
0.2589808702468872,406.4948425292969
0.24394090473651886,397.0511169433594
0.2468963861465454,414.8880310058594
0.19193775951862335,382.0411376953125
0.3034127652645111,416.69232177734375
0.35710257291793823,419.41326904296875
0.2698618471622467,414.4186096191406
0.2735810875892639,401.8029479980469
0.2883811593055725,392.985595703125
0.23709996044635773,410.6095886230469
0.33906295895576477,421.8393249511719
0.32968658208847046,386.0423583984375
0.3151465654373169,409.9765319824219
0.29370754957199097,404.22515869140625
0.6787007451057434,392.964599609375
0.3299430012702942,414.82763671875
0.25075483322143555,396.2448425292969
0.26597392559051514,414.88458251953125
0.20903801918029785,413.2850341796875
0.2228795439004898,403.8724365234375
0.2394079864025116,402.33154296875
0.3015251159667969,403.5289001464844
0.2437402755022049,408.678955078125
0.27259477972984314,404.055908203125
0.26414552330970764,418.2607727050781
0.2168067991733551,342.734375
0.29123249650001526,407.2137451171875
0.22988751530647278,411.31292724609375
0.31770381331443787,429.1282653808594
0.25989192724227905,427.4044189453125
0.2634282410144806,401.39544677734375
0.1929718255996704,389.9715270996094
0.2931351959705353,411.2338562011719
0.2935492992401123,414.619140625
0.208070307970047,392.6666564941406
0.2374706119298935,407.23187255859375
0.23215767741203308,444.1959533691406
0.31028684973716736,400.4980773925781
0.34297847747802734,412.8755187988281
0.24892152845859528,416.8803405761719
0.3546771705150604,425.62860107421875
0.3109586536884308,414.9865417480469
0.38058871030807495,400.7805480957031
0.34259775280952454,393.1588134765625
0.4566818177700043,402.98193359375
0.29221904277801514,407.6051330566406
0.26564013957977295,411.2328186035156
0.288459450006485,487.0755920410156
0.26754918694496155,398.2349853515625
0.2964003086090088,411.29254150390625
0.39832285046577454,418.8216552734375
0.33375874161720276,398.7598571777344
0.37989604473114014,399.5795593261719
0.37672141194343567,402.49560546875
0.4043388366699219,410.9350280761719
0.39190229773521423,408.3639831542969
0.38430526852607727,392.6756591796875
0.23373161256313324,397.6313781738281
0.2223282754421234,464.53875732421875
0.28823593258857727,400.91717529296875
0.3757106065750122,410.4049987792969
0.30141064524650574,434.8117980957031
0.247429758310318,402.7552490234375
0.2889051139354706,416.8075866699219
0.20712575316429138,393.1850280761719
0.2246912568807602,410.7219543457031
0.24763208627700806,401.7869873046875
0.29454857110977173,424.6922607421875
0.21675917506217957,414.7607116699219
0.2435355931520462,365.6728210449219
0.23740045726299286,395.4889831542969
0.2522697150707245,401.0895690917969
0.26102402806282043,400.21148681640625
0.3079565167427063,430.0970458984375
0.31447041034698486,397.67633056640625
0.2526053190231323,423.3050231933594
0.32059669494628906,413.225341796875
0.330401748418808,420.7443542480469
0.44003406167030334,398.5387878417969
0.3304230272769928,413.39862060546875
0.37396955490112305,402.7076721191406
0.30309706926345825,397.5286560058594
0.2828017473220825,415.8389892578125
0.19886037707328796,394.25640869140625
0.3445451557636261,396.1031799316406
0.2424338012933731,421.0250549316406
0.2505199611186981,406.82891845703125
0.3023371696472168,417.7611083984375
0.23215603828430176,413.72247314453125
0.2759101092815399,397.3661804199219
0.25784724950790405,419.3219299316406
0.044705528765916824,438.5633239746094
0.2420227825641632,421.7490539550781
0.28436848521232605,405.45733642578125
0.178628072142601,397.9668273925781
0.2983880043029785,390.90057373046875
0.3341151773929596,408.31689453125
0.28007206320762634,412.1265563964844
0.3147434890270233,417.1354064941406
0.3221990466117859,403.3200988769531
0.25487279891967773,399.8127136230469
0.2694624960422516,410.69696044921875
0.4418158531188965,376.8486328125
0.2476656436920166,402.21014404296875
0.3514304757118225,404.061279296875
0.2822340428829193,418.6131896972656
0.2709284722805023,406.6207580566406
0.32172614336013794,423.7246398925781
0.2961927354335785,400.63623046875
0.3137194812297821,403.52362060546875
0.2869768440723419,410.08538818359375
0.27882054448127747,395.2944030761719
0.22603482007980347,397.3681335449219
0.35398775339126587,412.3421325683594
0.2890321612358093,390.0705261230469
0.3034442663192749,422.17742919921875
0.25479283928871155,406.1976013183594
0.1761675328016281,410.25
0.2536950409412384,411.1174621582031
0.3358943462371826,410.0604553222656
0.23568932712078094,409.5682678222656
0.33134233951568604,396.76641845703125
0.2340812236070633,399.72100830078125
0.30077365040779114,411.53985595703125
0.06581278145313263,416.9163513183594
0.30286359786987305,401.5120544433594
0.2758682370185852,391.399169921875
0.37584826350212097,390.5657043457031
0.2649415135383606,402.4232177734375
0.3364070951938629,407.1546325683594
0.28430500626564026,417.690185546875
0.40834909677505493,416.8486633300781
0.348239004611969,403.8599853515625
0.26251861453056335,395.12261962890625
0.2438155710697174,420.0514831542969
0.22478513419628143,482.5054626464844
0.3281971514225006,407.11468505859375
0.2877720296382904,399.47906494140625
0.28567782044410706,404.49383544921875
0.2524430453777313,409.6834716796875
0.2705879509449005,397.7059020996094
0.1929703801870346,405.48931884765625
0.2952708899974823,402.5901184082031
0.22260399162769318,431.6085205078125
0.31621015071868896,412.7304992675781
0.2000904232263565,402.8729248046875
0.14042004942893982,494.24151611328125
0.27143600583076477,410.65740966796875
0.3637693226337433,417.252685546875
0.2344227433204651,396.178466796875
0.36250367760658264,420.0946044921875
0.40979698300361633,395.8321228027344
0.34122249484062195,406.9279479980469
0.324543297290802,386.6684875488281
0.3550190329551697,398.7703857421875
0.2875242829322815,401.94842529296875
0.2745162844657898,407.5299987792969
0.25750231742858887,407.82135009765625
0.3223152160644531,401.177001953125
0.38385388255119324,394.87933349609375
0.2659534513950348,385.196044921875
0.2856142222881317,406.5517272949219
0.3583255410194397,413.4002990722656
0.25110042095184326,416.25042724609375
0.37704649567604065,421.9852294921875
0.2848946154117584,414.70404052734375
0.27674153447151184,409.8166809082031
0.26861244440078735,415.8740539550781
0.17314580082893372,319.1996154785156
0.35690760612487793,409.80157470703125
0.302512526512146,394.9367980957031
0.31380635499954224,394.2078857421875
0.29833200573921204,414.32568359375
0.31953492760658264,413.3115539550781
0.32127484679222107,393.4809875488281
0.3061757981777191,399.87982177734375
0.36464181542396545,407.85626220703125
0.29561445116996765,398.90838623046875
0.2901965379714966,394.06671142578125
0.1450314074754715,349.5096740722656
0.32995766401290894,407.9977722167969
0.34725427627563477,395.43536376953125
0.29637396335601807,389.6197814941406
0.27638739347457886,412.3433532714844
0.24186301231384277,412.46923828125
0.25174856185913086,416.2607116699219
0.2024553120136261,396.0750427246094
0.26999303698539734,404.44818115234375
0.2768063545227051,407.4557189941406
0.2920513451099396,415.8505554199219
0.47819074988365173,398.3140563964844
0.2650996446609497,402.353515625
0.32964828610420227,402.9125061035156
0.2809213101863861,404.96051025390625
0.2884821891784668,406.5710144042969
0.30681973695755005,413.1891174316406
0.3020375072956085,396.063720703125
0.3356182873249054,407.33612060546875
0.2877921760082245,409.78997802734375
0.2654600143432617,401.6612548828125
0.28698238730430603,408.24102783203125
0.4069669842720032,414.72998046875
0.31270480155944824,409.1318054199219
0.3760377764701843,428.2323303222656
0.3672007620334625,396.3727722167969
0.28199276328086853,417.2915344238281
0.31281495094299316,393.3030700683594
0.3984803855419159,394.8153991699219
0.33893823623657227,401.00537109375
0.2859581708908081,404.6997375488281
0.24258123338222504,421.4178466796875
0.21542026102542877,416.64093017578125
0.15695349872112274,432.12158203125
0.30156564712524414,414.4944763183594
0.2694551646709442,410.26641845703125
0.34966281056404114,401.8203125
0.3684414327144623,390.2853698730469
0.32929569482803345,396.65594482421875
0.257476806640625,399.88140869140625
0.24437753856182098,415.0843811035156
0.3008835017681122,403.3765563964844
0.24872423708438873,423.606201171875
0.3045078217983246,392.065673828125
0.38537269830703735,352.66754150390625
0.2823496162891388,406.80950927734375
0.2541866600513458,408.85791015625
0.2395027130842209,395.1289978027344
0.3116036057472229,403.2695007324219
0.2690645456314087,412.8978271484375
0.28492027521133423,401.2204895019531
0.28385475277900696,425.6792907714844
0.28460073471069336,395.0445861816406
0.32689034938812256,417.7679748535156
0.31414157152175903,411.4422607421875
0.18681450188159943,399.616455078125
0.3267168700695038,395.8263854980469
0.2968562841415405,394.8141174316406
0.33828437328338623,412.0451354980469
0.3518396019935608,401.16656494140625
0.37761053442955017,411.4068908691406
0.30562108755111694,408.1465148925781
0.3264065980911255,408.3381042480469
0.2884313762187958,395.1863708496094
0.3520900309085846,407.3199768066406
0.2839697003364563,400.0354309082031
0.14263130724430084,385.558349609375
0.2839241921901703,408.8727111816406
0.29102423787117004,381.8996887207031
0.26347649097442627,423.66424560546875
0.3125454783439636,402.0372009277344
0.2852799594402313,404.5134582519531
0.31436944007873535,397.4036865234375
0.2074345201253891,406.2323913574219
0.23717433214187622,404.92596435546875
0.3349233567714691,410.9997863769531
0.35925933718681335,408.54461669921875
0.14740866422653198,380.9626770019531
0.2845102548599243,401.84075927734375
0.3910445272922516,406.74884033203125
0.34198057651519775,395.6349792480469
0.26447102427482605,413.71270751953125
0.2882058322429657,408.6092529296875
0.4499673545360565,390.3710632324219
0.3244321048259735,415.79315185546875
0.34859374165534973,412.58984375
0.32114097476005554,407.7021789550781
0.2872999310493469,404.426513671875
0.5443786382675171,407.76641845703125
0.4014133810997009,405.0846252441406
0.3036532700061798,401.3854064941406
0.2981639504432678,413.7445373535156
0.4003102481365204,399.71875
0.2517690062522888,413.9150085449219
0.3287597894668579,395.7553405761719
0.3759530484676361,405.9395446777344
0.29015785455703735,393.5364685058594
0.3154134452342987,422.98150634765625
0.29183098673820496,405.6979675292969
0.13099506497383118,427.72265625
0.2971963584423065,420.0453186035156
0.259430855512619,413.2433166503906
0.3249271512031555,398.00244140625
0.29747888445854187,396.2215270996094
0.3785058856010437,406.76251220703125
0.2722404897212982,415.09332275390625
0.3208155333995819,406.6308288574219
0.22544805705547333,401.0859069824219
0.34053686261177063,399.26873779296875
0.4017905294895172,413.7511291503906
0.47138267755508423,468.80670166015625
0.31020262837409973,415.90521240234375
0.30044376850128174,412.67987060546875
0.30610036849975586,404.5638122558594
0.2992507219314575,391.7159423828125
0.449768990278244,404.22283935546875
0.22584311664104462,404.2606201171875
0.30130138993263245,415.63690185546875
0.326246976852417,405.0645446777344
0.32587093114852905,394.9912414550781
0.3732714354991913,395.6343688964844
0.05978899076581001,399.1703796386719
0.24840937554836273,406.1197814941406
0.27104324102401733,407.8748779296875
0.2888166308403015,403.1477966308594
0.3495591878890991,383.8479919433594
0.4809064269065857,412.8130187988281
0.4330807030200958,405.4154968261719
0.3419986069202423,421.9392395019531
0.3340335488319397,402.9243469238281
0.27474644780158997,401.81402587890625
0.2638305127620697,385.05633544921875
0.37943193316459656,470.21044921875
0.38162291049957275,407.12811279296875
0.2939569354057312,400.7402648925781
0.28909146785736084,394.43359375
0.2698107063770294,396.2966613769531
0.34359604120254517,400.1021728515625
0.24865366518497467,416.99432373046875
0.42689502239227295,399.7019958496094
0.42200714349746704,394.4667053222656
0.25365516543388367,419.6554260253906
0.3244220018386841,399.9436950683594
0.6939547657966614,435.59759521484375
0.32313576340675354,386.8077697753906
0.3331833481788635,407.50482177734375
0.3137514591217041,400.4568176269531
0.2661999464035034,401.75750732421875
0.37244194746017456,397.12066650390625
0.2958880364894867,409.755859375
0.3156273066997528,393.9889831542969
0.2995246350765228,413.17529296875
0.3535175621509552,397.4847106933594
0.3101530075073242,417.52117919921875
0.2323393076658249,415.3611755371094
0.3373171091079712,392.33770751953125
0.33301907777786255,393.5546875
0.4365590512752533,390.72357177734375
0.2566012442111969,408.4538269042969
0.3455379605293274,393.31939697265625
0.3658859133720398,412.3251647949219
0.29705581068992615,405.34423828125
0.23706942796707153,405.93438720703125
0.39021679759025574,408.2200622558594
0.4337424337863922,405.0213928222656
0.5332896709442139,471.92596435546875
0.2873392701148987,399.89874267578125
0.370057076215744,401.6177978515625
0.380749374628067,398.98681640625
0.3284761905670166,408.5164489746094
0.3383732736110687,409.7013854980469
0.34763187170028687,397.0090637207031
0.30176955461502075,387.0027770996094
0.3883001208305359,407.7486877441406
0.2788390815258026,421.05841064453125
0.3551393151283264,424.8216247558594
0.3639724850654602,434.71435546875
0.3342062532901764,403.4321594238281
0.3717791736125946,398.27093505859375
0.3007701337337494,387.6611022949219
0.35508644580841064,397.7710876464844
0.3919498920440674,402.3264465332031
0.4005776345729828,403.8986511230469
0.2447231560945511,413.73907470703125
0.3574090600013733,393.0797424316406
0.24804306030273438,412.41510009765625
0.2288486510515213,397.6050720214844
0.11252491176128387,388.8128356933594
0.3242999315261841,413.5265197753906
0.328919380903244,401.83636474609375
0.299542099237442,401.21624755859375
0.2611674964427948,411.6103820800781
0.26142454147338867,390.58489990234375
0.2634712755680084,404.01483154296875
0.28644779324531555,403.0768127441406
0.23971255123615265,406.42095947265625
0.4161761701107025,389.1175231933594
0.3934478759765625,414.27166748046875
0.6057572960853577,422.5787658691406
0.3481639623641968,407.74566650390625
0.440552681684494,394.75616455078125
0.5028062462806702,403.7262268066406
0.29042285680770874,409.55889892578125
0.45628821849823,411.7924499511719
0.44323301315307617,411.6143798828125
0.27346447110176086,401.7036437988281
0.3850036561489105,402.516357421875
0.42096325755119324,393.3513488769531
0.4011843502521515,407.0251159667969
0.7386611700057983,522.3673706054688
0.35871443152427673,381.189453125
0.3557697832584381,403.489501953125
0.41170552372932434,385.190673828125
0.48723340034484863,411.2586669921875
0.2297762781381607,404.37939453125
0.38312289118766785,418.5097351074219
0.3536425828933716,414.7510986328125
0.35239890217781067,400.34722900390625
0.3379356265068054,401.09942626953125
0.3085273504257202,401.4596862792969
0.5493704676628113,440.07647705078125
0.344535231590271,419.3873291015625
0.32713958621025085,403.6602478027344
0.33138507604599,428.73980712890625
0.23412829637527466,402.64617919921875
0.3263300657272339,402.723876953125
0.36312904953956604,414.6545104980469
0.2500927746295929,407.53424072265625
0.30441850423812866,394.0043029785156
0.3325485587120056,408.8333435058594
0.40012240409851074,390.8133239746094
0.095027394592762,445.7264709472656
0.39058202505111694,388.61700439453125
0.2517855763435364,403.1357727050781
0.36582180857658386,421.659423828125
0.4308222830295563,405.1043395996094
0.384075790643692,414.23529052734375
0.2671201825141907,390.3459167480469
0.36277762055397034,401.86248779296875
0.4795517921447754,407.7252502441406
0.41360506415367126,395.11895751953125
0.29658159613609314,419.9324645996094
0.17936646938323975,459.2596130371094
0.28552335500717163,424.8013916015625
0.2756609618663788,388.46783447265625
0.3646632432937622,397.99072265625
0.3664463460445404,410.9540710449219
0.33816203474998474,397.8935241699219
0.3577691912651062,393.91485595703125
0.46451205015182495,415.4172668457031
0.2641427218914032,401.9053039550781
0.2653581500053406,408.44586181640625
0.5254438519477844,419.5981750488281
0.42391663789749146,415.3809509277344
0.3845612406730652,387.72174072265625
0.4236679971218109,423.9645690917969
0.3327568769454956,404.0872497558594
0.31635838747024536,398.5882873535156
0.328114777803421,412.0071716308594
0.4328770637512207,377.6076965332031
0.3825708031654358,405.8227844238281
0.3613516390323639,406.54278564453125
0.33035165071487427,397.6797790527344
0.34207212924957275,421.3201904296875
0.2496868371963501,415.50775146484375
0.27151623368263245,403.5663757324219
0.31163644790649414,397.020751953125
0.30340319871902466,408.9803771972656
0.3878801465034485,391.97509765625
0.4222538471221924,405.4088134765625
0.3378795087337494,404.58734130859375
0.30814462900161743,387.4010314941406
0.44295740127563477,395.8186950683594
0.3071554899215698,409.8543395996094
0.322459876537323,404.6994934082031
0.39285069704055786,396.153076171875
0.3193669617176056,399.218017578125
0.33037325739860535,405.3475646972656
0.262224018573761,394.53082275390625
0.31153473258018494,406.09039306640625
0.31105002760887146,397.58489990234375
0.3079659342765808,389.8350830078125
0.3183358907699585,397.97088623046875
0.3772739768028259,405.98077392578125
0.4217378795146942,420.7374572753906
0.2812599837779999,395.9608459472656
0.14661960303783417,388.1325378417969
0.35815107822418213,401.7809753417969
0.2660153806209564,390.33837890625
0.3246309161186218,385.4232177734375
0.2902975380420685,418.0084228515625
0.2918846011161804,375.9617919921875
0.33912521600723267,428.29779052734375
0.4090225100517273,392.6075134277344
0.338964581489563,399.2252502441406
0.3460841774940491,404.31170654296875
0.4695966839790344,404.61883544921875
0.586695671081543,405.09588623046875
0.2832115590572357,384.8020324707031
0.3743380606174469,408.03753662109375
0.3543090522289276,394.9587707519531
0.2746138870716095,387.70989990234375
0.38554298877716064,389.64349365234375
0.4009905457496643,421.3333740234375
0.34695956110954285,400.71453857421875
0.2651352882385254,404.6492614746094
0.37989509105682373,413.06298828125
0.31005313992500305,420.2764892578125
0.09771215170621872,494.8606872558594
0.41601622104644775,407.6852722167969
0.3172096610069275,402.389892578125
0.375085711479187,396.3338928222656
0.36060255765914917,396.8675231933594
0.3761969804763794,410.06597900390625
0.3328123092651367,411.60400390625
0.3096768856048584,396.4517822265625
0.3955325186252594,374.3274230957031
0.2527932822704315,399.7691955566406
0.330147385597229,406.08966064453125
0.11849935352802277,377.5423889160156
0.30264711380004883,383.29083251953125
0.3040490746498108,408.45758056640625
0.39780065417289734,399.3438720703125
0.3637346923351288,431.1540222167969
0.2609250545501709,385.7049560546875
0.34069305658340454,395.25555419921875
0.3510812222957611,388.8958740234375
0.35302022099494934,413.3795471191406
0.46094444394111633,399.659423828125
0.4804980456829071,381.5039978027344
0.10757897049188614,488.06707763671875
0.4625135064125061,390.6666564941406
0.3715232014656067,395.74896240234375
0.4350573718547821,410.356689453125
0.33571377396583557,414.6950378417969
0.3497188091278076,398.0984802246094
0.34206464886665344,395.6326904296875
0.30275803804397583,408.1432800292969
0.3239386975765228,390.2794189453125
0.36128515005111694,395.8714294433594
0.33904483914375305,397.2801513671875
0.42280644178390503,331.20550537109375
0.267482727766037,392.96978759765625
0.2924203872680664,402.7851867675781
0.2518790066242218,403.99005126953125
0.29937171936035156,411.6365966796875
0.4172934293746948,413.4588928222656
0.2806328237056732,385.9372253417969
0.35614341497421265,416.14678955078125
0.2498205155134201,394.8863830566406
0.1827075332403183,410.11553955078125
0.3211195766925812,410.083251953125
0.21516013145446777,361.75225830078125
0.44117096066474915,387.87579345703125
0.40932121872901917,403.1910705566406
0.47778287529945374,412.46563720703125
0.4408225119113922,386.6213684082031
0.356458455324173,394.6536560058594
0.3965449333190918,404.29058837890625
0.36940714716911316,385.5195007324219
0.48887062072753906,400.9242248535156
0.36772584915161133,388.5597229003906
0.3541888892650604,406.01708984375
0.33662858605384827,515.4791870117188
